customer_id,city,city_tier,signup_date,gender
93810,Nagpur,Tier 2,2026-02-02,M
46048,Rajahmundry,Tier 3,2024-10-23,F
23434,Gudivada,Tier 1,2025-05-30,F
14165,Tiruchirappalli,Tier 1,2024-12-23,M
40495,Kishanganj,Tier 2,2024-12-08,M
95181,Muzaffarnagar,Tier 1,2025-06-20,M
87236,Chennai,Tier 3,2026-02-16,F
30926,Mau,Tier 1,2025-02-07,F
30379,Naihati,Tier 2,2024-09-24,F
22156,Jalandhar,Tier 2,2025-04-11,F
55082,Varanasi,Tier 2,2026-01-24,F
70217,Burhanpur,Tier 2,2024-09-06,F
82357,Tadipatri,Tier 2,2026-05-25,M
57400,Coimbatore,Tier 1,2024-08-11,F
96673,Ramagundam,Tier 2,2024-09-06,F
40512,Nadiad,Tier 2,2025-02-07,F
69429,Ujjain,Tier 1,2025-04-20,M
56566,Shimoga,Tier 3,2026-01-03,M
99593,Narasaraopet,Tier 2,2025-11-12,F
32431,Ujjain,Tier 2,2025-07-01,F
59735,Proddatur,Tier 1,2024-12-24,F
99733,Pimpri-Chinchwad,Tier 1,2024-12-31,M
14207,Rewa,Tier 2,2025-01-30,M
18675,Tezpur,Tier 2,2026-05-18,F
51245,Panchkula,Tier 2,2025-05-10,F
94259,Asansol,Tier 3,2025-01-28,M
28301,Kishanganj,Tier 3,2025-08-29,M
44438,Ballia,Tier 2,2025-05-13,M
57447,Durgapur,Tier 1,2025-08-06,F
74686,Nashik,Tier 1,2026-05-06,F
24371,Kozhikode,Tier 2,2026-03-14,F
99192,Kavali,Tier 3,2024-08-25,F
60432,Kavali,Tier 2,2025-07-05,F
79352,Begusarai,Tier 1,2026-05-06,M
11504,Jorhat,Tier 1,2026-02-10,M
44973,Gorakhpur,Tier 3,2025-02-19,F
66985,Malda,Tier 1,2024-07-09,M
44522,Guna,Tier 3,2026-06-15,M
23947,Guna,Tier 3,2025-10-23,F
36071,Dindigul,Tier 2,2026-02-19,F
31174,Khora ,Tier 3,2025-03-15,F
74042,Gorakhpur,Tier 2,2026-06-28,F
57576,Mathura,Tier 2,2024-08-20,F
41571,Guwahati,Tier 3,2026-01-26,F
73699,Katihar,Tier 3,2026-02-21,F
26483,Fatehpur,Tier 1,2025-09-07,M
31643,Dehri,Tier 3,2026-05-15,F
89507,Rajpur Sonarpur,Tier 3,2026-06-28,F
80686,Bijapur,Tier 2,2025-05-12,F
98039,Bahraich,Tier 1,2026-06-05,F
77839,Jamshedpur,Tier 1,2025-01-15,F
39451,Sonipat,Tier 2,2024-07-23,F
87110,Giridih,Tier 3,2024-12-25,F
10942,Allahabad,Tier 2,2024-12-31,M
18834,Bathinda,Tier 2,2024-08-31,F
77391,Alwar,Tier 2,2025-12-08,F
73624,Panvel,Tier 3,2024-10-17,M
84847,Latur,Tier 2,2026-03-08,M
71993,Jhansi,Tier 3,2024-09-18,F
22704,Raichur,Tier 3,2025-06-01,F
63883,Meerut,Tier 3,2025-12-12,M
95649,Ghaziabad,Tier 2,2025-05-15,F
54473,Kulti,Tier 2,2024-12-02,F
34931,Kolhapur,Tier 3,2025-05-30,M
34050,Surendranagar Dudhrej,Tier 1,2025-01-17,F
19880,Jamalpur,Tier 2,2024-09-21,F
16630,Tiruchirappalli,Tier 1,2026-06-26,F
40982,Vellore,Tier 3,2025-07-19,F
73092,Rewa,Tier 2,2026-06-07,M
17685,Nadiad,Tier 2,2024-07-08,M
61173,Malda,Tier 3,2025-02-13,F
65444,Bhatpara,Tier 2,2024-12-01,F
48890,Howrah,Tier 2,2025-09-29,F
81066,Satara,Tier 2,2024-08-20,F
16572,Ambala,Tier 1,2026-06-21,F
79615,Howrah,Tier 3,2025-08-05,F
20500,Coimbatore,Tier 1,2025-10-12,F
18907,Sambhal,Tier 3,2024-10-08,F
84668,Adoni,Tier 2,2025-10-11,M
15209,Gurgaon,Tier 2,2025-11-29,M
86503,Bhilwara,Tier 2,2024-12-12,F
97782,Mathura,Tier 2,2025-01-29,F
61876,Dewas,Tier 1,2025-06-27,M
51441,Bangalore,Tier 2,2025-06-27,F
91416,Srinagar,Tier 1,2025-08-28,F
37938,Mira-Bhayandar,Tier 2,2026-07-01,F
55745,Sambalpur,Tier 2,2025-04-20,F
47353,Bahraich,Tier 2,2026-04-15,F
81200,Pudukkottai,Tier 2,2026-03-25,F
95717,Begusarai,Tier 3,2025-02-24,F
96951,Guntur,Tier 2,2025-01-28,F
25129,Begusarai,Tier 3,2024-11-04,M
45697,Mahbubnagar,Tier 2,2024-12-17,M
54942,Bilaspur,Tier 3,2025-08-03,F
74032,Faridabad,Tier 2,2024-09-16,F
93136,Bally,Tier 1,2024-08-10,M
10464,Bikaner,Tier 3,2025-11-13,F
44335,Mango,Tier 2,2025-09-08,F
66057,Gorakhpur,Tier 3,2024-09-03,M
29536,Uluberia,Tier 3,2025-10-02,M
82420,Chinsurah,Tier 2,2024-10-13,F
15482,Bharatpur,Tier 1,2026-06-05,M
15229,Bhagalpur,Tier 2,2025-12-18,F
42706,Raichur,Tier 1,2026-03-04,M
83385,Udupi,Tier 1,2026-02-09,F
30257,Ujjain,Tier 2,2026-03-20,M
33206,Nagpur,Tier 2,2024-11-23,F
53540,Kulti,Tier 3,2025-01-30,F
30866,Eluru,Tier 2,2026-05-15,M
15075,Korba,Tier 2,2024-12-09,M
70332,Farrukhabad,Tier 2,2026-04-05,F
39831,Nagpur,Tier 1,2025-12-01,F
35313,Ozhukarai,Tier 2,2025-02-08,F
19099,Etawah,Tier 3,2025-11-17,F
76768,Jorhat,Tier 3,2025-03-21,F
13617,Bhilwara,Tier 3,2024-11-22,F
86099,Agra,Tier 2,2024-09-29,F
88193,Hapur,Tier 1,2026-01-23,M
51114,Medininagar,Tier 2,2025-08-08,F
25157,Gangtok,Tier 2,2024-12-01,F
43386,Junagadh,Tier 3,2024-07-08,M
78146,Bharatpur,Tier 3,2025-06-06,F
19171,Satara,Tier 1,2025-12-04,M
26334,Guna,Tier 2,2025-03-04,M
97410,Khammam,Tier 3,2025-05-15,M
48752,Nellore,Tier 2,2025-05-29,F
97153,Akola,Tier 3,2025-10-28,F
84593,Machilipatnam,Tier 1,2025-09-05,F
10053,Baranagar,Tier 3,2024-12-17,M
66346,Kirari Suleman Nagar,Tier 2,2025-06-15,F
67954,Sasaram,Tier 2,2025-07-09,M
32241,Anantapuram,Tier 1,2025-08-11,F
97012,Tiruchirappalli,Tier 3,2026-04-03,M
40784,Kamarhati,Tier 2,2026-03-25,M
36100,Nagpur,Tier 2,2024-08-11,F
42092,Phagwara,Tier 3,2026-04-28,M
19545,Vijayanagaram,Tier 3,2026-05-26,M
92544,Yamunanagar,Tier 2,2025-07-25,F
62383,Siliguri,Tier 3,2025-11-28,F
10726,Khandwa,Tier 3,2024-12-23,M
33053,Dhanbad,Tier 3,2025-09-12,F
42662,Sirsa,Tier 2,2024-10-18,F
70901,Mango,Tier 2,2025-10-25,F
76162,Motihari,Tier 2,2025-06-18,F
30861,Hospet,Tier 2,2025-01-24,F
42406,Saharsa,Tier 1,2025-07-18,F
92149,Panipat,Tier 3,2025-06-13,F
20155,Noida,Tier 1,2025-02-03,F
54020,Panvel,Tier 3,2024-09-07,F
28136,Ahmednagar,Tier 2,2025-04-30,F
30028,Rajkot,Tier 1,2025-05-25,F
63424,Hosur,Tier 2,2025-07-03,F
64496,Tiruppur,Tier 3,2026-04-14,M
65069,Bhimavaram,Tier 2,2025-12-29,F
12560,Morena,Tier 3,2024-07-11,F
56105,Pali,Tier 2,2026-04-30,F
64921,Morbi,Tier 1,2024-12-24,M
45774,Shivpuri,Tier 3,2024-07-29,M
60968,Machilipatnam,Tier 2,2026-01-20,F
31632,Warangal,Tier 1,2025-11-02,F
80008,Singrauli,Tier 2,2025-10-09,M
83975,Gwalior,Tier 2,2025-11-18,F
66179,Surendranagar Dudhrej,Tier 3,2024-11-25,M
16590,Nadiad,Tier 2,2025-03-18,F
37742,Khammam,Tier 2,2025-03-26,F
59692,Bidar,Tier 2,2025-01-18,M
20735,Surat,Tier 1,2026-02-08,F
80702,Etawah,Tier 1,2024-12-28,F
95215,Thane,Tier 3,2026-02-12,M
14067,Kollam,Tier 2,2026-04-19,F
12671,Mathura,Tier 2,2024-10-13,F
72070,Phusro,Tier 1,2024-12-23,F
70952,Arrah,Tier 2,2024-11-14,F
89415,Ujjain,Tier 2,2025-03-05,F
24168,Bijapur,Tier 2,2025-09-27,F
98781,Sikar,Tier 2,2026-01-13,M
35995,Guntakal,Tier 2,2025-12-25,F
92213,Kota,Tier 1,2025-12-30,F
49529,Buxar,Tier 1,2026-03-06,F
15383,Katihar,Tier 3,2025-06-04,F
96706,Coimbatore,Tier 2,2025-08-03,F
94874,Ahmedabad,Tier 2,2026-04-27,F
65057,Aligarh,Tier 3,2025-06-08,F
57472,Jamnagar,Tier 3,2025-06-10,M
33086,Tadepalligudem,Tier 1,2026-03-26,F
80539,Kirari Suleman Nagar,Tier 1,2025-06-10,F
87656,North Dumdum,Tier 1,2026-04-29,M
42177,Alwar,Tier 1,2026-05-22,F
69087,Madhyamgram,Tier 3,2025-09-22,F
89997,Naihati,Tier 3,2024-07-29,F
74789,South Dumdum,Tier 1,2025-07-20,M
37802,Rampur,Tier 2,2025-03-28,M
46655,Miryalaguda,Tier 3,2024-07-14,M
77715,Guwahati,Tier 2,2025-01-10,F
63271,Miryalaguda,Tier 3,2026-02-15,M
41499,Pallavaram,Tier 3,2025-06-20,F
12260,Durg,Tier 2,2024-12-26,M
63005,Farrukhabad,Tier 2,2025-12-04,M
86225,Bhalswa Jahangir Pur,Tier 3,2025-09-09,F
79588,Khandwa,Tier 3,2026-02-06,M
82140,Nagercoil,Tier 1,2026-01-03,M
69473,Farrukhabad,Tier 2,2025-01-18,M
40217,Nellore,Tier 2,2025-03-09,M
25670,Nellore,Tier 2,2024-12-22,F
73464,Giridih,Tier 3,2026-02-17,F
78765,Salem,Tier 2,2026-04-14,M
35443,Ambattur,Tier 3,2025-04-13,F
33519,Kanpur,Tier 2,2026-01-07,F
80010,Panipat,Tier 2,2024-08-11,F
17146,Cuttack,Tier 2,2025-11-14,M
74340,Ahmedabad,Tier 3,2025-09-25,M
47268,Nangloi Jat,Tier 1,2025-06-14,F
54657,Faridabad,Tier 1,2025-01-19,F
72616,Amritsar,Tier 2,2025-05-14,M
74454,Gangtok,Tier 2,2025-11-07,F
99974,Saharanpur,Tier 1,2024-10-30,M
83772,Guwahati,Tier 2,2025-01-15,F
25525,Medininagar,Tier 1,2025-10-13,M
91057,Nagaon,Tier 1,2025-04-28,M
69049,Bihar Sharif,Tier 3,2026-05-06,F
87139,Farrukhabad,Tier 1,2025-09-21,M
91399,Phagwara,Tier 2,2026-02-01,F
23006,Rajpur Sonarpur,Tier 3,2025-01-28,M
96563,Sangli-Miraj & Kupwad,Tier 3,2025-01-09,M
32782,Sangli-Miraj & Kupwad,Tier 2,2024-07-09,F
63545,Hindupur,Tier 3,2025-07-06,F
48175,Ahmednagar,Tier 2,2025-02-15,M
47056,Madurai,Tier 1,2025-12-22,F
40595,Giridih,Tier 1,2025-12-02,F
35928,Raipur,Tier 1,2025-09-02,F
39466,Shimoga,Tier 1,2026-04-10,F
28643,Allahabad,Tier 3,2024-11-12,F
50319,Bahraich,Tier 3,2024-10-11,F
71433,Sambhal,Tier 2,2025-02-03,M
75597,Bahraich,Tier 2,2024-09-07,M
88385,Bhiwani,Tier 1,2026-01-28,M
52247,Indore,Tier 1,2024-09-15,M
40005,Agartala,Tier 2,2025-09-27,M
15273,Nandyal,Tier 1,2025-08-14,F
95394,Alwar,Tier 3,2024-11-24,F
86720,Pallavaram,Tier 2,2024-09-15,M
71605,Alappuzha,Tier 2,2025-03-22,F
52081,Nanded,Tier 2,2025-03-20,M
63955,Tumkur,Tier 1,2025-12-03,F
62488,Malda,Tier 3,2024-09-13,M
51224,North Dumdum,Tier 2,2024-10-05,F
62976,Hosur,Tier 2,2025-06-30,F
64165,Maheshtala,Tier 2,2025-08-13,F
57419,Mango,Tier 2,2026-02-17,F
16764,Shimoga,Tier 3,2025-09-06,M
27172,Bahraich,Tier 2,2026-05-22,F
73532,Bhopal,Tier 2,2025-11-08,M
89806,Kozhikode,Tier 2,2025-03-05,F
82199,Suryapet,Tier 3,2025-05-19,M
22217,Raipur,Tier 3,2025-06-30,M
25396,Panchkula,Tier 2,2026-07-01,F
48254,Vijayanagaram,Tier 3,2026-04-16,M
73242,Latur,Tier 1,2025-06-26,F
82255,Yamunanagar,Tier 2,2024-12-02,M
88561,Coimbatore,Tier 3,2025-02-06,F
64387,Guna,Tier 2,2025-01-30,F
10336,Bihar Sharif,Tier 3,2026-04-18,M
86931,Jalgaon,Tier 3,2025-06-18,F
80592,Hapur,Tier 2,2025-03-22,F
82340,Sirsa,Tier 1,2026-07-01,M
52176,Mathura,Tier 3,2025-09-24,M
60196,Bulandshahr,Tier 3,2024-08-09,F
51704,Eluru,Tier 3,2025-05-02,M
96991,Shimla,Tier 3,2024-08-04,F
26547,Salem,Tier 2,2026-05-17,F
67711,Hajipur,Tier 3,2026-06-14,F
69890,Asansol,Tier 2,2025-05-21,M
95823,Aurangabad,Tier 2,2025-07-06,F
44737,Sikar,Tier 1,2025-11-23,M
20527,Deoghar,Tier 2,2025-04-28,M
51505,Hosur,Tier 2,2024-08-03,M
90931,Noida,Tier 2,2025-11-09,F
99705,Ambattur,Tier 3,2026-02-07,F
21846,Navi Mumbai,Tier 1,2026-02-17,F
93066,Raiganj,Tier 3,2024-11-13,F
49251,Ranchi,Tier 3,2025-03-15,F
17355,Secunderabad,Tier 1,2025-04-24,F
66450,Sambalpur,Tier 2,2025-08-23,F
64008,Tirunelveli,Tier 2,2024-11-19,F
20350,Udupi,Tier 3,2025-12-19,F
41566,Ballia,Tier 2,2024-10-26,M
40433,Rohtak,Tier 2,2025-06-28,F
43466,Kirari Suleman Nagar,Tier 3,2026-06-06,M
47700,Srinagar,Tier 1,2025-06-15,M
55293,Khandwa,Tier 2,2025-12-25,F
42780,Barasat,Tier 2,2024-12-08,M
60422,Aligarh,Tier 2,2025-01-07,F
59986,Ramgarh,Tier 2,2025-02-21,F
48696,Tenali,Tier 1,2025-02-05,F
11061,Medininagar,Tier 1,2026-02-05,F
75107,Berhampur,Tier 1,2025-10-21,F
56179,Jhansi,Tier 1,2025-11-01,F
42850,Jalandhar,Tier 3,2026-06-08,F
92242,Tirupati,Tier 2,2026-03-11,F
67779,Adoni,Tier 1,2025-04-16,F
27224,Sagar,Tier 1,2025-03-17,F
64460,Kollam,Tier 1,2024-10-17,F
80701,Bettiah,Tier 1,2025-07-31,F
45720,Bardhaman,Tier 2,2026-06-16,F
73156,Sonipat,Tier 2,2026-03-23,M
25095,Aurangabad,Tier 1,2024-10-24,M
39571,Proddatur,Tier 2,2025-04-17,F
21836,Kanpur,Tier 3,2025-01-28,M
80329,Malda,Tier 1,2025-04-19,F
98188,Bhimavaram,Tier 3,2025-04-28,M
93695,Moradabad,Tier 1,2025-12-13,F
40647,Nagpur,Tier 2,2025-10-31,F
83584,Phagwara,Tier 2,2024-12-25,F
94889,Madhyamgram,Tier 2,2026-06-13,M
49608,Bhiwandi,Tier 1,2024-10-23,F
15943,Avadi,Tier 3,2025-07-24,M
25220,Noida,Tier 2,2026-05-27,F
80457,Munger,Tier 1,2025-06-24,F
58629,Dharmavaram,Tier 2,2026-02-03,F
30253,Navi Mumbai,Tier 2,2026-04-15,F
74139,Parbhani,Tier 1,2024-08-01,F
58566,Raiganj,Tier 2,2025-06-17,F
40947,Navi Mumbai,Tier 1,2025-12-21,M
58147,Ghaziabad,Tier 2,2025-05-12,M
46160,Bhilai,Tier 3,2026-04-26,F
69600,Rajpur Sonarpur,Tier 1,2025-11-17,F
93819,Dhanbad,Tier 2,2026-03-10,M
53713,Cuttack,Tier 2,2026-03-10,F
84000,Coimbatore,Tier 2,2026-04-12,F
82641,Dharmavaram,Tier 2,2024-12-21,F
40539,Siliguri,Tier 2,2026-03-11,M
88116,Bally,Tier 2,2026-05-04,F
28964,Panvel,Tier 1,2025-01-17,F
32871,Indore,Tier 2,2024-10-17,F
11947,Patiala,Tier 1,2025-10-07,F
52437,Akola,Tier 1,2025-01-29,M
16868,Bidar,Tier 1,2025-08-19,F
24896,Fatehpur,Tier 2,2025-06-20,M
57453,Bidhannagar,Tier 1,2025-08-02,F
39038,Saharsa,Tier 3,2025-02-26,M
70036,Ghaziabad,Tier 3,2025-07-14,F
62640,Moradabad,Tier 1,2025-07-22,M
68138,Jodhpur,Tier 3,2025-03-14,F
89730,Amritsar,Tier 2,2024-10-13,F
46046,Eluru,Tier 3,2025-10-14,F
79541,Malda,Tier 2,2025-08-03,F
89354,Navi Mumbai,Tier 2,2026-03-15,F
24996,Chinsurah,Tier 1,2025-06-22,F
39949,Sonipat,Tier 2,2026-04-10,F
69441,Vijayanagaram,Tier 1,2026-01-24,F
22463,Purnia,Tier 2,2025-03-06,F
97177,Dindigul,Tier 2,2024-11-02,F
72163,Mysore,Tier 1,2026-04-14,M
21188,Bhiwani,Tier 2,2024-09-20,M
58843,Miryalaguda,Tier 2,2024-08-22,M
86869,Bhilai,Tier 3,2025-05-22,F
56346,Faridabad,Tier 2,2025-02-15,F
88696,Nagercoil,Tier 2,2024-09-25,M
85748,Bhatpara,Tier 3,2025-11-29,M
73201,Moradabad,Tier 1,2025-04-04,M
82910,Raipur,Tier 3,2026-02-19,F
46512,Haldia,Tier 1,2026-04-24,M
83526,Narasaraopet,Tier 2,2026-06-28,M
96223,Bhopal,Tier 1,2024-11-24,M
45818,Sonipat,Tier 2,2025-04-05,F
10800,Asansol,Tier 1,2025-09-19,M
96159,Coimbatore,Tier 2,2024-10-25,F
92991,Mysore,Tier 2,2026-02-06,M
79531,Gandhinagar,Tier 2,2025-05-29,M
69460,Sangli-Miraj & Kupwad,Tier 2,2025-04-20,F
50846,Tezpur,Tier 2,2025-10-13,F
21135,Bhatpara,Tier 3,2024-11-06,F
90981,Jodhpur,Tier 2,2025-02-03,M
68079,Shivpuri,Tier 2,2025-10-21,F
67939,Darbhanga,Tier 3,2024-12-21,F
77154,Hapur,Tier 1,2025-06-05,M
24534,Guntakal,Tier 2,2025-07-19,F
79066,Ranchi,Tier 1,2024-12-25,M
61807,Chennai,Tier 2,2024-12-12,F
49507,Durgapur,Tier 3,2026-02-20,M
43491,Khammam,Tier 1,2024-10-08,F
11013,Chinsurah,Tier 2,2024-11-20,M
26932,Katihar,Tier 1,2026-01-04,F
40161,Madurai,Tier 3,2025-05-11,M
15544,Surat,Tier 2,2025-06-29,M
20205,Ramgarh,Tier 1,2025-06-05,M
85156,Erode,Tier 1,2025-02-16,F
25096,Jaipur,Tier 3,2025-03-16,F
32527,Mirzapur,Tier 2,2024-09-13,M
67240,Latur,Tier 3,2025-06-10,F
87184,Loni,Tier 2,2024-09-06,F
61873,Sonipat,Tier 2,2024-12-26,F
53655,Solapur,Tier 1,2025-08-07,M
92998,Bettiah,Tier 2,2025-08-07,F
35415,Etawah,Tier 2,2026-01-22,M
94599,Noida,Tier 1,2024-09-24,F
29194,Davanagere,Tier 2,2024-11-18,F
88957,Aurangabad,Tier 1,2024-11-21,M
92306,Madhyamgram,Tier 3,2026-02-12,F
83889,Buxar,Tier 2,2025-11-18,M
93269,Satna,Tier 3,2024-11-01,F
67640,Nandyal,Tier 2,2025-06-15,F
92756,Panipat,Tier 2,2025-10-09,M
17362,Guna,Tier 3,2024-09-02,M
50685,Bidhannagar,Tier 2,2024-08-05,F
17456,Baranagar,Tier 3,2024-09-04,M
94497,Srikakulam,Tier 1,2025-10-11,M
76462,Surendranagar Dudhrej,Tier 3,2025-09-30,F
82655,Hospet,Tier 2,2026-06-13,F
84928,Pondicherry,Tier 1,2025-10-19,F
72341,Ghaziabad,Tier 3,2025-06-21,F
23566,Guwahati,Tier 2,2025-08-02,F
94689,Thane,Tier 2,2025-01-15,M
67377,Loni,Tier 2,2025-08-17,F
89928,Bharatpur,Tier 3,2025-04-22,F
47079,Alappuzha,Tier 2,2026-02-28,F
54350,Thanjavur,Tier 1,2024-08-27,F
53213,Proddatur,Tier 2,2025-12-15,F
60667,Nizamabad,Tier 3,2026-01-20,F
96057,Thoothukudi,Tier 2,2024-09-08,F
86380,Etawah,Tier 1,2025-03-04,M
95990,Bikaner,Tier 1,2025-10-12,M
21104,Karaikudi,Tier 1,2025-04-25,F
94343,Warangal,Tier 1,2025-12-09,M
99838,Bhusawal,Tier 2,2025-08-05,F
57425,Mirzapur,Tier 1,2025-03-03,M
33627,Mau,Tier 2,2026-02-22,M
73736,Kamarhati,Tier 2,2024-10-21,F
30308,Sagar,Tier 1,2026-04-23,F
23256,Naihati,Tier 2,2026-05-18,F
91006,Kavali,Tier 3,2025-04-25,F
30218,Bokaro,Tier 2,2026-04-13,F
91885,Bahraich,Tier 2,2024-08-09,F
63852,Patiala,Tier 1,2025-06-17,F
90031,Sultan Pur Majra,Tier 3,2025-01-04,M
79993,Tirupati,Tier 2,2026-03-27,F
71474,Arrah,Tier 2,2025-12-15,F
84766,Surendranagar Dudhrej,Tier 1,2026-02-24,F
46932,Ambala,Tier 3,2025-08-20,M
64874,Kollam,Tier 1,2026-03-21,F
89254,Chandrapur,Tier 2,2024-08-16,M
94040,Serampore,Tier 1,2025-09-10,F
23446,Anantapuram,Tier 3,2024-09-10,F
31012,Hospet,Tier 2,2026-06-10,F
77286,Junagadh,Tier 1,2024-09-16,F
39102,Karnal,Tier 3,2026-06-29,M
13495,Meerut,Tier 3,2025-05-10,F
75799,Noida,Tier 2,2025-05-02,F
20696,Rajahmundry,Tier 2,2024-07-28,M
51770,Thanjavur,Tier 1,2026-03-13,F
29142,Agra,Tier 2,2025-02-14,F
71925,Nandyal,Tier 1,2025-06-20,F
90654,Vijayawada,Tier 2,2024-07-21,M
43544,Jalgaon,Tier 3,2025-09-06,F
89807,Bhubaneswar,Tier 2,2026-03-01,F
47762,Barasat,Tier 2,2024-10-09,F
16258,Gurgaon,Tier 2,2025-11-15,F
91633,Rajkot,Tier 2,2024-10-01,F
75513,Kottayam,Tier 2,2025-09-26,M
41711,Jalna,Tier 3,2025-06-05,F
10205,New Delhi,Tier 3,2025-09-23,F
64600,Guwahati,Tier 3,2025-08-17,M
57265,Hajipur,Tier 2,2025-09-02,F
76496,Pali,Tier 2,2026-05-16,F
71621,Munger,Tier 2,2025-04-22,F
43246,Raurkela Industrial Township,Tier 1,2026-03-11,M
18855,New Delhi,Tier 3,2026-01-27,F
96127,Amaravati,Tier 1,2026-01-29,F
53583,Varanasi,Tier 1,2025-04-06,M
81567,Akola,Tier 1,2026-04-12,F
99742,Nangloi Jat,Tier 2,2025-11-09,F
33891,Rajkot,Tier 2,2026-01-14,M
69988,Durg,Tier 2,2024-12-10,F
15741,Kalyan-Dombivli,Tier 1,2025-03-09,M
50642,Tinsukia,Tier 3,2025-07-09,F
43202,Jhansi,Tier 2,2025-02-14,M
56789,Bathinda,Tier 1,2025-02-04,M
26315,Junagadh,Tier 2,2026-05-28,F
62431,Kharagpur,Tier 2,2025-03-27,F
34486,Mehsana,Tier 1,2025-04-18,M
78062,Gwalior,Tier 1,2026-01-22,F
65640,Chinsurah,Tier 2,2025-10-17,F
33652,Pondicherry,Tier 2,2024-09-24,F
20494,Sagar,Tier 3,2025-03-02,F
68447,Rourkela,Tier 2,2025-12-24,F
68183,Amroha,Tier 2,2024-08-08,M
56210,Panipat,Tier 3,2025-11-15,F
17518,Machilipatnam,Tier 1,2025-04-15,F
77251,Ludhiana,Tier 2,2024-10-25,F
89635,Visakhapatnam,Tier 2,2024-10-13,F
18812,Ambarnath,Tier 2,2025-04-14,M
60181,Mahbubnagar,Tier 1,2024-11-03,F
99006,Uluberia,Tier 3,2025-04-21,F
68188,Chapra,Tier 2,2024-10-21,F
79397,Sikar,Tier 2,2025-03-08,M
95139,Kulti,Tier 3,2024-10-03,M
13396,Panchkula,Tier 2,2025-08-13,F
60723,Firozabad,Tier 2,2026-02-28,F
44116,Kakinada,Tier 3,2025-10-25,F
47431,Kollam,Tier 3,2024-10-10,F
27790,Bidhannagar,Tier 1,2024-11-18,F
68341,Imphal,Tier 3,2025-12-07,M
55537,Jamalpur,Tier 3,2025-09-01,M
48058,Sangli-Miraj & Kupwad,Tier 2,2026-01-10,M
93584,Mirzapur,Tier 2,2025-08-06,F
39391,Kollam,Tier 2,2026-03-14,M
28202,Kumbakonam,Tier 3,2024-07-27,F
57303,Bhind,Tier 3,2026-03-23,M
82305,Pudukkottai,Tier 1,2026-05-24,F
21300,Tirupati,Tier 3,2025-05-12,F
72739,Alappuzha,Tier 2,2026-04-07,F
85353,Cuttack,Tier 3,2025-03-10,M
94192,Hospet,Tier 3,2025-07-03,F
99143,Warangal,Tier 3,2026-05-19,M
82260,Bikaner,Tier 2,2025-06-08,M
75911,Amravati,Tier 1,2025-08-13,F
30056,Dehradun,Tier 2,2024-11-09,F
52291,Sri Ganganagar,Tier 1,2026-07-07,M
78012,Vijayawada,Tier 2,2025-01-17,M
35729,Cuttack,Tier 1,2025-11-04,F
49691,Ambala,Tier 2,2025-11-16,M
32103,Tirunelveli,Tier 2,2025-11-30,F
91851,Phusro,Tier 3,2024-08-07,F
13718,Ranchi,Tier 2,2025-11-17,F
85598,Bhagalpur,Tier 3,2026-02-22,F
84991,Tadipatri,Tier 3,2025-11-15,F
13969,Bongaigaon,Tier 3,2025-02-16,M
94136,Karawal Nagar,Tier 3,2025-01-13,F
99783,Bihar Sharif,Tier 3,2025-06-24,F
19564,Sangli-Miraj & Kupwad,Tier 2,2025-06-13,F
64476,Madhyamgram,Tier 3,2024-12-12,M
54589,Satara,Tier 3,2026-05-07,F
51853,Silchar,Tier 2,2024-10-16,M
58567,Imphal,Tier 2,2025-01-10,F
71141,Shimoga,Tier 2,2025-06-21,F
42495,Jalandhar,Tier 2,2024-08-15,F
48038,Tadepalligudem,Tier 1,2025-05-27,F
42541,Khammam,Tier 3,2026-07-02,F
85718,Jhansi,Tier 2,2026-02-19,M
30885,Kottayam,Tier 2,2025-07-04,M
75373,Mehsana,Tier 3,2024-07-25,F
21802,Dibrugarh,Tier 2,2025-06-27,M
41552,Ballia,Tier 3,2025-04-07,F
16377,Ichalkaranji,Tier 2,2025-07-26,F
88317,Baranagar,Tier 3,2025-08-27,F
11071,Chinsurah,Tier 3,2024-10-19,F
44664,Sambhal,Tier 2,2025-04-17,F
15930,Faridabad,Tier 2,2025-09-22,F
83638,Mirzapur,Tier 2,2025-09-09,F
47827,Kharagpur,Tier 3,2025-08-02,F
69028,Phagwara,Tier 1,2024-10-07,M
26864,Singrauli,Tier 3,2025-04-22,M
54444,Asansol,Tier 3,2024-12-08,F
88966,Orai,Tier 2,2024-08-07,M
15938,Durgapur,Tier 2,2026-01-12,F
53652,Kadapa,Tier 3,2025-06-26,F
29521,Khammam,Tier 2,2026-06-30,F
90356,Ujjain,Tier 2,2025-05-08,F
90805,Guntakal,Tier 1,2025-03-25,M
76494,Phusro,Tier 2,2025-02-24,F
72245,Arrah,Tier 3,2025-03-21,M
98317,Erode,Tier 3,2025-10-03,M
50327,Kavali,Tier 2,2025-07-10,F
44803,Faridabad,Tier 1,2025-10-03,F
72973,Loni,Tier 2,2025-11-07,F
91230,Siliguri,Tier 3,2026-04-06,F
99224,Patna,Tier 1,2025-09-24,F
24404,Surat,Tier 2,2025-06-14,F
51116,Saharanpur,Tier 3,2025-05-23,F
36724,Orai,Tier 2,2026-02-28,F
90147,Ghaziabad,Tier 3,2026-01-06,F
28098,Kishanganj,Tier 2,2025-03-16,F
96799,Hajipur,Tier 2,2025-04-25,M
51124,Jaunpur,Tier 3,2026-06-15,M
79878,Bongaigaon,Tier 3,2025-04-08,M
98587,Phagwara,Tier 3,2025-07-18,M
35200,Alwar,Tier 2,2025-09-13,M
49124,Bihar Sharif,Tier 2,2026-02-25,M
47880,Unnao,Tier 1,2025-03-10,M
72888,Karaikudi,Tier 3,2026-07-02,F
45842,Bhilai,Tier 3,2025-09-25,F
98686,Tenali,Tier 2,2026-04-03,M
55237,Ramagundam,Tier 1,2024-08-08,M
20358,Mango,Tier 3,2025-11-28,F
43612,Kakinada,Tier 1,2024-12-10,F
45537,Durgapur,Tier 2,2024-09-29,M
90698,Latur,Tier 2,2024-08-15,F
97796,Muzaffarpur,Tier 2,2024-08-16,F
23133,Bathinda,Tier 3,2026-01-15,F
71918,Durgapur,Tier 3,2024-07-11,F
82135,Vellore,Tier 3,2025-11-26,F
72350,Kollam,Tier 2,2026-02-14,M
47649,Baranagar,Tier 1,2025-11-20,M
17754,Chapra,Tier 2,2025-01-03,F
80143,Akola,Tier 2,2025-05-27,M
33040,Sikar,Tier 1,2026-03-11,F
74930,Ramagundam,Tier 2,2026-05-18,F
14910,Bihar Sharif,Tier 1,2025-09-21,M
89007,Thanjavur,Tier 3,2025-02-13,M
69552,Guntur,Tier 3,2026-04-29,F
76088,Darbhanga,Tier 3,2024-12-03,F
24764,Ujjain,Tier 1,2026-01-25,F
70150,Gaya,Tier 2,2024-07-17,M
54185,Tezpur,Tier 2,2025-12-12,F
35318,Phagwara,Tier 2,2026-05-02,M
93719,Purnia,Tier 2,2025-08-11,F
52982,Rewa,Tier 1,2025-12-08,M
22502,Kolhapur,Tier 2,2025-07-12,F
52415,Chennai,Tier 1,2025-01-25,M
60275,Amroha,Tier 2,2026-02-12,F
44995,Barasat,Tier 3,2025-10-02,F
85088,Bhilwara,Tier 2,2025-11-26,M
57127,Ghaziabad,Tier 2,2025-12-07,F
25495,Aizawl,Tier 2,2024-11-08,F
63138,Kochi,Tier 3,2025-11-15,F
48671,Srikakulam,Tier 3,2024-12-25,F
38721,Morena,Tier 2,2024-11-02,F
69634,Vijayanagaram,Tier 2,2026-01-03,F
81989,Siwan,Tier 3,2026-03-21,F
97044,Shahjahanpur,Tier 3,2025-12-17,F
88094,Hajipur,Tier 3,2025-06-18,M
79228,Solapur,Tier 3,2026-06-19,M
83946,Ghaziabad,Tier 3,2026-04-11,F
81781,Chapra,Tier 1,2025-08-27,F
29641,Khammam,Tier 3,2026-05-01,F
78202,Bhiwandi,Tier 3,2025-12-17,F
36922,Mysore,Tier 1,2026-06-05,F
76895,Pimpri-Chinchwad,Tier 2,2025-06-24,F
27294,Sirsa,Tier 2,2025-09-18,F
17567,Aizawl,Tier 1,2026-01-19,F
12853,Rohtak,Tier 2,2026-04-02,M
10395,Adoni,Tier 2,2024-09-01,F
15936,Hapur,Tier 1,2026-01-02,F
18357,Coimbatore,Tier 2,2026-07-02,F
71875,Baranagar,Tier 2,2025-05-20,F
33590,Bidar,Tier 2,2025-04-23,M
60132,Burhanpur,Tier 3,2025-04-24,F
20518,Karnal,Tier 2,2024-10-07,F
33392,Dehri,Tier 2,2024-10-13,M
39188,Lucknow,Tier 1,2025-02-23,F
70686,Katihar,Tier 2,2025-04-27,M
40102,Jaunpur,Tier 2,2025-04-01,F
30332,Maheshtala,Tier 2,2026-07-05,F
24790,Gurgaon,Tier 1,2025-10-27,F
12050,Tiruppur,Tier 1,2024-08-28,F
23224,Amroha,Tier 2,2025-10-14,F
98083,Sambalpur,Tier 2,2026-02-02,M
15798,Bahraich,Tier 3,2025-01-05,F
80747,Pimpri-Chinchwad,Tier 1,2024-10-23,F
76046,Muzaffarpur,Tier 2,2026-04-01,M
85511,Gangtok,Tier 1,2025-10-14,M
98150,Patiala,Tier 1,2025-02-26,F
28777,Haridwar,Tier 3,2025-02-25,M
46064,Proddatur,Tier 3,2025-10-09,M
32955,Miryalaguda,Tier 2,2025-07-26,M
16145,Eluru,Tier 1,2026-03-09,M
78742,Erode,Tier 2,2025-05-20,M
29558,Gandhinagar,Tier 2,2024-11-26,F
80507,New Delhi,Tier 2,2026-04-27,M
39536,Asansol,Tier 1,2026-03-24,F
70689,Kishanganj,Tier 2,2025-05-23,F
64592,Munger,Tier 3,2025-01-11,F
43422,Bathinda,Tier 3,2025-11-21,F
20363,Uluberia,Tier 1,2024-09-16,M
80206,Faridabad,Tier 2,2025-01-31,F
59436,Srinagar,Tier 2,2024-11-30,M
87015,Nangloi Jat,Tier 2,2024-12-16,M
53642,Kanpur,Tier 3,2024-12-18,M
34906,Nangloi Jat,Tier 1,2026-06-17,M
41797,Sikar,Tier 1,2026-06-17,F
41369,Ichalkaranji,Tier 2,2025-04-28,F
71112,Aizawl,Tier 3,2025-01-26,M
57139,Kirari Suleman Nagar,Tier 3,2024-09-21,F
71537,Kurnool,Tier 2,2025-04-20,F
51015,Ranchi,Tier 3,2025-09-16,F
39002,Pune,Tier 3,2025-01-25,F
82523,Sagar,Tier 2,2024-11-02,M
35715,Berhampur,Tier 2,2025-04-28,M
84683,Panchkula,Tier 3,2025-09-07,F
95800,Bardhaman,Tier 2,2026-02-19,F
74044,Jaunpur,Tier 3,2024-11-14,F
56160,Kolhapur,Tier 2,2026-01-17,F
81636,Udaipur,Tier 3,2026-06-19,F
81058,Loni,Tier 3,2024-08-02,M
19742,Chennai,Tier 1,2025-05-23,F
28021,Jabalpur,Tier 3,2026-01-07,F
29795,Bellary,Tier 3,2025-08-03,F
69770,Allahabad,Tier 2,2025-10-29,M
93588,Morbi,Tier 2,2024-07-19,F
10866,Ahmedabad,Tier 2,2024-07-19,F
79391,Jorhat,Tier 1,2025-02-14,F
12246,Mangalore,Tier 3,2024-09-28,F
22624,New Delhi,Tier 2,2024-12-03,F
91235,Raichur,Tier 3,2025-01-30,F
62022,Dindigul,Tier 3,2025-05-18,F
70161,Kamarhati,Tier 2,2025-02-24,F
99658,Patna,Tier 1,2024-09-17,F
63120,Burhanpur,Tier 2,2025-09-09,M
72390,Bangalore,Tier 2,2026-01-03,F
32463,Panchkula,Tier 2,2026-04-24,M
66873,Buxar,Tier 1,2026-05-04,F
22499,Berhampur,Tier 1,2024-12-18,M
84289,Gopalpur,Tier 2,2024-08-12,F
19744,Tinsukia,Tier 3,2025-09-17,M
96259,Mangalore,Tier 2,2026-06-28,M
51220,Dhule,Tier 2,2025-10-05,F
28899,Solapur,Tier 2,2025-02-24,F
31292,Tezpur,Tier 2,2026-04-16,M
61007,Yamunanagar,Tier 1,2026-02-13,F
28343,Orai,Tier 2,2026-02-06,M
55332,Navi Mumbai,Tier 2,2025-06-11,F
40427,Mau,Tier 1,2025-10-20,F
90460,Khammam,Tier 3,2024-07-30,M
93115,Hospet,Tier 1,2025-07-23,M
39902,Begusarai,Tier 2,2025-04-24,M
66603,Bhimavaram,Tier 2,2025-12-02,F
59816,Tadipatri,Tier 2,2025-02-21,M
42302,Gwalior,Tier 1,2025-01-31,F
30214,Jamnagar,Tier 2,2026-02-01,M
61068,Karimnagar,Tier 2,2024-09-27,M
21995,Aizawl,Tier 3,2025-06-17,F
57175,Kota,Tier 2,2024-10-17,F
21442,Chinsurah,Tier 3,2025-06-20,F
83005,Kota,Tier 2,2024-07-27,M
21746,Begusarai,Tier 3,2024-09-17,M
88240,Kharagpur,Tier 2,2024-07-16,F
48253,Munger,Tier 3,2026-03-04,F
21101,Aurangabad,Tier 1,2025-08-15,M
32227,Gulbarga,Tier 2,2024-10-22,M
45247,Agartala,Tier 2,2025-07-25,M
29127,Rourkela,Tier 2,2025-06-09,M
46170,Dewas,Tier 1,2025-07-18,M
20082,Chandrapur,Tier 3,2025-01-14,F
91924,Hindupur,Tier 3,2025-10-28,F
35630,Aligarh,Tier 3,2024-10-20,M
49932,Tenali,Tier 2,2025-03-22,M
91289,Ozhukarai,Tier 3,2025-06-13,F
53874,Hindupur,Tier 2,2024-10-20,M
49378,Madanapalle,Tier 3,2025-12-29,M
36326,Satara,Tier 3,2024-11-21,F
62198,Jalna,Tier 3,2026-01-28,F
92955,Ramgarh,Tier 2,2026-03-06,F
41775,Gandhinagar,Tier 2,2025-02-09,F
61502,Raipur,Tier 2,2026-06-30,M
83905,Guntakal,Tier 2,2025-09-03,F
33583,Surendranagar Dudhrej,Tier 2,2026-01-08,F
37479,Jalna,Tier 2,2026-04-13,F
19064,Panchkula,Tier 2,2024-10-23,M
93012,New Delhi,Tier 2,2025-01-19,F
96332,Bhusawal,Tier 2,2026-03-11,M
59412,Sultan Pur Majra,Tier 2,2025-10-14,F
72814,Deoghar,Tier 1,2025-08-04,F
64827,Karimnagar,Tier 2,2026-01-02,F
80373,Moradabad,Tier 2,2026-02-24,F
42536,Rourkela,Tier 2,2025-11-21,M
90304,Phusro,Tier 3,2025-11-20,M
98797,Bathinda,Tier 3,2026-03-17,F
66420,Hyderabad,Tier 1,2024-09-21,F
43913,Sasaram,Tier 2,2026-02-07,M
77999,Amroha,Tier 2,2025-04-23,M
61266,Giridih,Tier 1,2025-12-25,M
29758,Nagpur,Tier 2,2025-07-16,F
23703,Vijayanagaram,Tier 2,2026-06-22,F
21253,Ajmer,Tier 2,2025-04-03,F
50880,Sirsa,Tier 3,2026-03-08,F
37114,Karnal,Tier 2,2025-07-11,F
22795,Bidhannagar,Tier 3,2025-03-11,F
18804,Varanasi,Tier 2,2026-03-28,F
25084,Tiruvottiyur,Tier 1,2025-11-22,M
24334,Latur,Tier 1,2025-08-11,F
32865,Bathinda,Tier 3,2025-09-14,F
65885,Ahmednagar,Tier 2,2026-03-18,F
63090,Gaya,Tier 3,2025-11-16,F
96154,Tenali,Tier 3,2024-07-29,F
90492,Hospet,Tier 1,2025-10-09,F
66302,Kolkata,Tier 3,2026-01-05,F
38153,Alwar,Tier 3,2026-02-11,M
18200,Jorhat,Tier 2,2024-11-29,F
57945,Thiruvananthapuram,Tier 2,2025-06-27,F
24936,Unnao,Tier 3,2025-08-20,M
93769,Kavali,Tier 2,2025-05-04,F
90125,Dharmavaram,Tier 3,2024-10-03,F
55603,Berhampore,Tier 3,2025-10-29,F
32613,Srikakulam,Tier 2,2025-10-08,F
21108,Satara,Tier 2,2024-10-06,F
41270,Bhiwandi,Tier 2,2024-11-26,F
58929,Sasaram,Tier 3,2025-05-04,M
64819,Ramgarh,Tier 2,2025-05-01,F
65448,Morbi,Tier 1,2025-11-12,F
80435,Miryalaguda,Tier 2,2024-11-13,F
74178,Kolhapur,Tier 2,2024-11-29,F
51232,Udupi,Tier 2,2024-08-17,F
57059,Shivpuri,Tier 3,2024-10-21,F
35575,Kishanganj,Tier 2,2025-08-03,F
95599,Alappuzha,Tier 2,2025-12-20,M
74451,Raiganj,Tier 2,2025-07-21,M
31922,Buxar,Tier 1,2024-07-30,F
38905,Patna,Tier 3,2025-02-05,F
39470,Gulbarga,Tier 2,2026-03-05,F
69942,Jamalpur,Tier 1,2025-08-07,M
24838,Agartala,Tier 1,2026-03-01,F
81186,Hosur,Tier 2,2026-04-06,F
15453,Bongaigaon,Tier 1,2024-12-23,F
65725,Shahjahanpur,Tier 1,2025-02-23,M
14224,Firozabad,Tier 2,2025-04-03,F
21401,Kochi,Tier 3,2026-03-01,M
41056,Giridih,Tier 2,2025-12-24,F
55957,Dehradun,Tier 2,2025-10-28,M
28249,Tiruppur,Tier 3,2026-03-24,M
17780,Katihar,Tier 2,2025-02-10,M
88231,North Dumdum,Tier 2,2026-01-04,F
48356,Chapra,Tier 2,2025-01-30,M
77425,Bhavnagar,Tier 1,2026-02-09,M
63948,Bally,Tier 2,2026-05-11,F
95969,Mira-Bhayandar,Tier 1,2025-01-16,F
29168,Shahjahanpur,Tier 3,2026-02-18,F
98635,Unnao,Tier 2,2024-10-25,M
85684,Vijayanagaram,Tier 3,2025-04-24,F
69243,Tiruchirappalli,Tier 2,2025-05-15,F
77582,Arrah,Tier 3,2025-06-25,M
73968,Amaravati,Tier 2,2024-07-08,M
22208,Secunderabad,Tier 2,2026-04-28,F
18300,Bellary,Tier 1,2025-06-05,M
37767,Agartala,Tier 1,2025-03-14,M
47171,Motihari,Tier 3,2025-09-28,M
27117,Tiruvottiyur,Tier 1,2026-06-01,F
99463,Ranchi,Tier 2,2024-09-22,F
92074,Pune,Tier 1,2024-10-11,M
30707,Sirsa,Tier 2,2024-07-07,F
66072,Mira-Bhayandar,Tier 2,2026-05-23,F
95196,Kozhikode,Tier 2,2026-05-17,F
45916,Karimnagar,Tier 3,2025-01-17,F
20803,Dehradun,Tier 3,2024-08-16,M
61949,Muzaffarpur,Tier 2,2025-06-05,M
95915,Bareilly,Tier 1,2024-07-07,M
37973,Solapur,Tier 2,2024-10-18,M
87814,Kadapa,Tier 3,2025-12-17,M
68335,Bangalore,Tier 3,2025-12-29,F
55032,Bhusawal,Tier 1,2025-12-28,F
27324,Madurai,Tier 1,2024-12-31,M
60209,Kota,Tier 2,2024-09-25,M
51071,Dewas,Tier 2,2024-10-21,M
60164,Asansol,Tier 1,2024-08-29,M
79534,Phagwara,Tier 3,2025-11-23,F
31511,Etawah,Tier 2,2026-01-19,M
37925,Bulandshahr,Tier 1,2025-10-28,F
99989,Bellary,Tier 2,2024-09-12,F
23168,Amravati,Tier 2,2025-10-07,F
60335,Haldia,Tier 1,2025-03-08,F
28327,Bally,Tier 3,2025-11-19,F
21042,Begusarai,Tier 3,2025-10-16,F
88644,Indore,Tier 2,2026-04-26,F
96298,Tiruppur,Tier 2,2025-08-13,F
89551,Katni,Tier 2,2025-02-21,F
94694,Mathura,Tier 2,2025-07-26,M
60578,New Delhi,Tier 1,2025-07-30,F
93634,Dehri,Tier 3,2026-05-28,F
11581,Ratlam,Tier 1,2024-10-17,M
60703,Ambarnath,Tier 1,2025-09-04,M
99514,Chittoor,Tier 3,2026-02-25,F
19567,Dharmavaram,Tier 1,2024-08-28,F
11807,Thrissur,Tier 2,2024-08-06,F
17925,Guna,Tier 2,2025-02-14,F
92388,Bhusawal,Tier 2,2026-01-03,M
62727,Jorhat,Tier 3,2025-08-28,F
90746,Alwar,Tier 2,2024-09-09,F
50620,Sasaram,Tier 2,2026-06-22,F
36633,Jorhat,Tier 1,2025-03-17,M
61213,Tirupati,Tier 2,2025-12-31,F
67342,Howrah,Tier 2,2025-01-12,F
66948,Malda,Tier 3,2025-10-25,M
89800,Tirupati,Tier 3,2025-12-06,F
96252,Jamshedpur,Tier 2,2024-07-16,F
27984,Ujjain,Tier 1,2025-07-27,F
55443,Rourkela,Tier 3,2025-04-21,F
26637,Kochi,Tier 2,2026-02-26,F
13847,Haldia,Tier 1,2025-02-03,F
78662,Firozabad,Tier 3,2026-01-11,M
85582,Mehsana,Tier 3,2025-06-25,F
76949,Pimpri-Chinchwad,Tier 1,2025-07-30,F
84302,Arrah,Tier 2,2024-11-06,M
43438,Chapra,Tier 1,2025-12-12,F
25117,Danapur,Tier 1,2024-07-08,F
15772,Sambalpur,Tier 3,2024-08-11,F
71835,Yamunanagar,Tier 2,2026-06-21,F
29671,Vadodara,Tier 2,2025-09-09,M
95944,Rajahmundry,Tier 3,2025-03-13,M
42540,Imphal,Tier 3,2025-02-02,F
20208,Jamshedpur,Tier 2,2025-07-31,F
98254,Mangalore,Tier 2,2024-12-27,M
77603,Rewa,Tier 1,2024-08-29,M
70960,Bijapur,Tier 2,2025-03-18,F
21322,Bangalore,Tier 2,2025-04-19,M
36302,Phusro,Tier 2,2026-03-08,F
49834,Madhyamgram,Tier 1,2025-04-19,F
87554,Thiruvananthapuram,Tier 1,2026-01-26,M
81638,Saharanpur,Tier 2,2024-07-11,M
63744,Muzaffarpur,Tier 1,2025-08-31,F
55406,Thanjavur,Tier 3,2024-07-08,F
59319,Vasai-Virar,Tier 1,2024-12-13,F
79443,Gurgaon,Tier 3,2025-07-24,M
17850,Parbhani,Tier 2,2024-09-17,F
15754,Saharsa,Tier 2,2025-05-23,M
58823,Guwahati,Tier 2,2025-10-01,F
22527,Singrauli,Tier 1,2024-09-03,F
87580,Raebareli,Tier 2,2025-12-03,M
27132,Jalna,Tier 2,2025-01-25,F
51288,Khammam,Tier 1,2025-03-11,M
69343,Muzaffarpur,Tier 2,2024-09-03,M
36569,Bhimavaram,Tier 2,2024-09-29,F
30369,Dehradun,Tier 2,2025-06-21,F
71086,Vellore,Tier 2,2024-10-08,M
80244,Dhule,Tier 2,2025-06-23,F
50410,Bilaspur,Tier 1,2026-04-30,M
25717,Sangli-Miraj & Kupwad,Tier 3,2026-03-26,F
99922,Madanapalle,Tier 3,2024-08-07,F
38183,Siliguri,Tier 2,2024-09-15,M
42534,Tenali,Tier 3,2025-08-09,M
16416,Bhilwara,Tier 1,2026-04-04,F
32789,Machilipatnam,Tier 3,2026-05-01,F
69270,Bareilly,Tier 2,2025-06-30,F
23357,Bhilai,Tier 2,2024-07-16,F
18083,Bikaner,Tier 3,2024-12-07,F
62505,Guwahati,Tier 1,2025-10-02,F
86823,Aurangabad,Tier 3,2024-07-23,F
18450,Raiganj,Tier 2,2026-03-27,M
26880,Bathinda,Tier 3,2024-10-10,M
15596,Dhanbad,Tier 3,2024-11-14,F
85220,Tenali,Tier 3,2025-07-27,F
13864,Purnia,Tier 3,2024-11-18,M
56392,Gaya,Tier 3,2025-02-05,M
46681,Jalgaon,Tier 1,2024-08-02,F
91156,Sagar,Tier 3,2025-07-29,M
64000,Ghaziabad,Tier 1,2024-09-13,F
46670,Durgapur,Tier 1,2025-05-28,M
36143,Tinsukia,Tier 3,2026-03-16,F
12559,Secunderabad,Tier 2,2025-07-14,M
81371,Hapur,Tier 3,2026-06-15,F
84141,Munger,Tier 2,2025-02-02,F
33568,Imphal,Tier 2,2025-10-13,F
38707,Parbhani,Tier 2,2024-08-21,M
71824,Bhimavaram,Tier 2,2025-01-03,M
30922,Shahjahanpur,Tier 1,2025-11-29,F
41608,Deoghar,Tier 1,2026-04-02,F
17328,Ramgarh,Tier 3,2026-04-25,M
60911,Malegaon,Tier 1,2024-11-20,F
41005,Secunderabad,Tier 3,2026-06-16,F
87537,Nagercoil,Tier 2,2025-09-20,M
83873,Phusro,Tier 2,2024-11-30,F
74517,Akola,Tier 2,2025-07-22,M
14975,Pimpri-Chinchwad,Tier 2,2025-01-03,F
88861,Jaipur,Tier 3,2025-08-19,F
72650,Bathinda,Tier 3,2026-06-19,F
90495,Bikaner,Tier 3,2025-03-28,F
33260,Allahabad,Tier 2,2024-07-24,F
29360,Bhubaneswar,Tier 2,2026-04-25,M
78982,Srinagar,Tier 3,2025-04-23,F
96787,Dharmavaram,Tier 2,2024-09-23,M
54113,North Dumdum,Tier 3,2024-10-20,F
30644,Morbi,Tier 2,2025-11-23,F
51586,Kishanganj,Tier 2,2025-12-27,F
90440,Rajahmundry,Tier 2,2025-12-05,F
87194,Burhanpur,Tier 3,2025-03-02,F
48602,Belgaum,Tier 2,2026-01-24,F
10235,Tezpur,Tier 2,2024-08-01,F
33865,Pudukkottai,Tier 2,2024-12-25,F
93839,Mehsana,Tier 2,2024-10-24,F
53406,Patiala,Tier 2,2025-04-02,M
51879,Hubli–Dharwad,Tier 2,2026-04-06,M
97821,Amroha,Tier 2,2024-07-15,F
44761,Kulti,Tier 1,2025-12-27,F
18885,Bardhaman,Tier 3,2026-03-10,M
24160,Nashik,Tier 3,2025-05-02,F
67438,Rourkela,Tier 2,2026-05-25,F
64266,Burhanpur,Tier 2,2025-04-05,F
81568,Salem,Tier 1,2026-04-11,F
72847,Ujjain,Tier 2,2025-06-22,M
19661,Durg,Tier 3,2024-07-22,M
51774,Vasai-Virar,Tier 2,2024-09-02,F
54801,Gandhinagar,Tier 2,2024-11-08,M
19830,Sonipat,Tier 1,2025-10-11,F
90431,Ludhiana,Tier 3,2025-06-07,F
95673,Medininagar,Tier 2,2026-05-29,F
66911,Meerut,Tier 1,2024-09-23,F
53397,Jhansi,Tier 2,2025-05-20,F
82628,Ichalkaranji,Tier 1,2025-02-22,M
41135,Dhanbad,Tier 2,2025-05-08,F
84943,Jamnagar,Tier 2,2024-08-18,M
57294,Purnia,Tier 2,2024-09-13,F
48607,Kollam,Tier 3,2024-09-20,M
13373,Tirunelveli,Tier 1,2025-11-14,M
48248,Bhalswa Jahangir Pur,Tier 2,2026-04-23,F
25139,Sikar,Tier 1,2025-07-07,F
74106,Mysore,Tier 3,2025-11-17,F
81319,Udaipur,Tier 2,2025-04-21,M
59996,Gaya,Tier 3,2025-06-18,F
15848,Gandhidham,Tier 2,2025-07-03,F
44524,Agartala,Tier 3,2025-09-18,M
18079,Jalandhar,Tier 3,2024-09-11,F
97574,Hosur,Tier 1,2025-05-24,F
87296,Begusarai,Tier 2,2024-08-23,F
60738,Jorhat,Tier 3,2025-12-22,F
72236,Fatehpur,Tier 2,2025-02-24,M
20348,Visakhapatnam,Tier 2,2025-07-31,M
84870,Jamshedpur,Tier 1,2026-02-15,F
68856,Rourkela,Tier 1,2024-12-18,F
35260,Kalyan-Dombivli,Tier 3,2025-05-31,F
20271,Panihati,Tier 2,2026-04-06,F
92211,Hindupur,Tier 2,2025-01-23,M
51910,Chandigarh,Tier 1,2025-05-04,M
82923,Suryapet,Tier 3,2025-03-17,F
46202,Ahmedabad,Tier 3,2026-03-09,F
91665,Gorakhpur,Tier 2,2025-05-24,F
29613,Tezpur,Tier 3,2025-10-06,M
86372,Aligarh,Tier 2,2025-09-17,M
23237,Jorhat,Tier 1,2026-05-21,F
55071,Bilaspur,Tier 2,2025-04-30,M
95824,Aurangabad,Tier 2,2025-10-22,F
72003,Malegaon,Tier 1,2025-02-05,F
62818,Tadipatri,Tier 2,2025-10-22,F
99235,Agra,Tier 3,2025-05-10,F
53449,Dhanbad,Tier 2,2026-02-06,F
72287,Serampore,Tier 3,2024-07-22,M
54284,Bijapur,Tier 1,2025-02-09,M
74437,Ambattur,Tier 2,2024-10-19,F
49384,Pondicherry,Tier 2,2025-02-01,F
64627,Maheshtala,Tier 1,2025-06-15,M
37707,Shivpuri,Tier 3,2026-02-16,M
77698,Pimpri-Chinchwad,Tier 2,2025-08-11,F
30836,Bijapur,Tier 2,2026-01-09,F
76426,Bhavnagar,Tier 1,2026-03-05,F
78719,Malegaon,Tier 3,2024-12-03,F
36309,Kulti,Tier 1,2024-08-01,M
69827,Karimnagar,Tier 2,2026-01-05,F
36097,Arrah,Tier 1,2026-04-07,F
70846,Amravati,Tier 3,2025-12-18,F
14005,Serampore,Tier 2,2025-07-21,M
87862,Belgaum,Tier 3,2026-05-14,M
72204,Hapur,Tier 2,2024-11-11,F
43903,Anantapuram,Tier 3,2024-07-28,M
16507,Aurangabad,Tier 1,2026-03-04,F
38091,Kamarhati,Tier 2,2025-12-15,M
37096,Alappuzha,Tier 2,2025-08-09,F
12628,Bhalswa Jahangir Pur,Tier 1,2026-06-14,M
27342,Ghaziabad,Tier 3,2026-03-21,F
11109,Nizamabad,Tier 3,2025-10-22,M
50037,Bhusawal,Tier 2,2026-06-02,F
59345,Jaunpur,Tier 2,2025-01-18,M
38601,Barasat,Tier 2,2025-12-14,F
78241,Bhimavaram,Tier 3,2024-09-24,F
10963,Kishanganj,Tier 3,2025-11-21,F
87826,Bihar Sharif,Tier 1,2025-12-20,M
24169,Rajkot,Tier 3,2025-03-25,F
46239,Bally,Tier 3,2025-01-25,M
95998,Maheshtala,Tier 2,2024-10-31,M
77802,Howrah,Tier 1,2026-03-24,F
88647,Imphal,Tier 1,2025-12-17,M
28340,Mehsana,Tier 2,2025-02-21,F
44003,Machilipatnam,Tier 2,2025-05-04,F
14629,Tiruvottiyur,Tier 1,2026-01-22,M
39145,Secunderabad,Tier 3,2025-08-05,F
49347,Proddatur,Tier 3,2024-11-24,F
48506,Chittoor,Tier 3,2024-10-14,M
43902,Thanjavur,Tier 2,2025-11-27,F
21704,Raichur,Tier 3,2024-12-27,F
50250,Bathinda,Tier 1,2025-04-21,F
44152,Madhyamgram,Tier 2,2026-04-29,F
25437,Meerut,Tier 3,2026-05-10,M
93151,Chittoor,Tier 1,2026-05-28,M
35499,Eluru,Tier 1,2025-08-22,M
49106,Meerut,Tier 3,2026-05-14,F
29762,Kollam,Tier 3,2025-03-30,F
63633,Asansol,Tier 2,2025-03-09,M
33639,Morbi,Tier 2,2025-03-22,F
92710,Satara,Tier 2,2025-11-11,M
17603,Bidhannagar,Tier 2,2025-02-04,F
37444,Gangtok,Tier 3,2026-02-20,M
30766,Hubli–Dharwad,Tier 1,2024-10-15,F
90541,Haldia,Tier 1,2025-05-16,F
66233,Yamunanagar,Tier 2,2024-07-10,M
14944,Dindigul,Tier 2,2024-07-17,F
52233,Surat,Tier 2,2025-12-14,M
10540,Kamarhati,Tier 2,2025-12-27,M
55134,Bikaner,Tier 2,2024-09-24,F
60272,Rourkela,Tier 2,2024-08-26,F
15992,Ramagundam,Tier 2,2025-06-26,F
78195,Raebareli,Tier 1,2026-05-27,M
27536,Unnao,Tier 2,2025-04-12,M
34697,Sambhal,Tier 2,2024-07-21,F
39939,Mira-Bhayandar,Tier 2,2024-12-18,F
12872,Amravati,Tier 2,2025-04-17,F
95267,Gandhinagar,Tier 1,2026-05-18,F
93928,Deoghar,Tier 2,2025-11-03,M
16368,Moradabad,Tier 3,2025-11-26,M
12587,Bhiwandi,Tier 3,2025-05-26,M
68237,Amravati,Tier 2,2025-09-05,M
43126,Jamnagar,Tier 2,2024-12-13,F
99881,Barasat,Tier 1,2025-05-29,F
96725,Saharsa,Tier 2,2025-02-01,M
91631,Gurgaon,Tier 2,2026-04-13,F
23751,Ichalkaranji,Tier 3,2024-10-03,F
23928,Davanagere,Tier 2,2025-10-23,F
36181,Nagaon,Tier 3,2024-12-10,M
56913,Sagar,Tier 2,2024-11-08,M
15164,Dhule,Tier 2,2025-12-23,M
73001,Noida,Tier 3,2024-07-09,M
11671,Bhubaneswar,Tier 1,2026-04-16,M
85255,Jalgaon,Tier 3,2024-09-14,F
77070,Salem,Tier 3,2026-06-09,F
43540,Sirsa,Tier 3,2025-02-21,F
44619,Dhanbad,Tier 3,2024-09-22,F
32898,Ramagundam,Tier 1,2025-04-12,F
98705,Purnia,Tier 1,2026-01-31,F
25191,Ranchi,Tier 2,2024-07-14,F
28139,Ozhukarai,Tier 2,2025-04-10,F
67372,Tiruchirappalli,Tier 3,2025-04-22,F
54921,Raipur,Tier 3,2025-05-14,M
62461,Darbhanga,Tier 2,2026-04-17,F
60556,Bidar,Tier 3,2025-11-22,F
31860,Mira-Bhayandar,Tier 1,2025-12-29,F
17686,Vasai-Virar,Tier 3,2025-05-26,F
87430,Jehanabad,Tier 2,2025-12-15,M
67430,Phagwara,Tier 3,2025-04-27,F
57002,Bikaner,Tier 1,2025-07-17,M
73979,Bulandshahr,Tier 2,2025-06-14,F
16025,Bhilwara,Tier 1,2025-11-27,M
51187,Loni,Tier 2,2026-02-23,M
84057,Sonipat,Tier 3,2025-08-14,F
78564,Bhiwani,Tier 2,2025-12-02,F
42581,Sri Ganganagar,Tier 2,2025-12-04,F
98643,Jalgaon,Tier 3,2026-04-19,F
83183,Hyderabad,Tier 3,2025-11-18,F
30568,Shimla,Tier 2,2026-05-13,F
31679,Pallavaram,Tier 2,2025-03-13,M
41574,Alwar,Tier 2,2024-08-15,F
76444,Jamalpur,Tier 1,2025-11-18,F
59628,Noida,Tier 2,2024-09-06,M
70174,Chapra,Tier 3,2025-06-20,F
21536,Amroha,Tier 3,2025-03-09,F
25559,Surat,Tier 2,2024-09-24,F
62879,Vadodara,Tier 2,2025-09-12,F
81971,Mysore,Tier 2,2026-03-13,F
89194,Danapur,Tier 1,2025-09-16,F
37112,Mau,Tier 3,2025-04-15,F
17113,Malda,Tier 2,2025-03-21,F
83420,Bharatpur,Tier 2,2026-01-14,F
69314,Jalandhar,Tier 2,2026-02-16,F
96364,Delhi,Tier 1,2025-03-29,F
56548,Motihari,Tier 2,2025-08-16,F
59006,Ranchi,Tier 1,2026-06-03,F
31516,Kolhapur,Tier 3,2026-04-06,F
63636,Rohtak,Tier 2,2025-10-24,F
35679,Jamshedpur,Tier 3,2026-06-29,F
61497,Berhampore,Tier 1,2026-04-08,F
34979,Moradabad,Tier 1,2026-02-15,F
64325,Giridih,Tier 2,2024-10-10,M
69048,Giridih,Tier 2,2025-08-02,M
27647,Kolkata,Tier 3,2025-08-22,F
16366,Bhimavaram,Tier 2,2025-07-17,F
76628,Adoni,Tier 2,2024-11-18,F
26827,Munger,Tier 3,2025-11-29,M
88714,Dibrugarh,Tier 2,2026-05-22,F
60418,Narasaraopet,Tier 3,2026-06-18,M
42537,Sikar,Tier 3,2025-03-30,F
48557,Guntur,Tier 2,2024-10-22,F
64099,Motihari,Tier 2,2026-05-06,F
51144,Kollam,Tier 2,2024-12-16,M
91810,Hapur,Tier 1,2026-06-22,F
98129,Mangalore,Tier 2,2025-08-02,F
81105,Bhiwandi,Tier 1,2026-02-17,F
56168,Ballia,Tier 3,2025-09-23,F
97445,Deoghar,Tier 1,2025-02-14,F
65363,Nagaon,Tier 3,2024-09-27,M
13312,Ulhasnagar,Tier 2,2024-08-17,F
97851,Kollam,Tier 2,2025-01-30,F
31094,Chandrapur,Tier 2,2024-10-28,M
18130,Kurnool,Tier 2,2026-02-12,M
80932,Secunderabad,Tier 3,2026-03-31,F
69322,Tadepalligudem,Tier 3,2026-05-12,F
98542,Kishanganj,Tier 2,2025-05-05,F
41142,Nashik,Tier 1,2026-06-26,F
60014,Erode,Tier 2,2026-03-11,F
99803,Suryapet,Tier 2,2024-08-17,F
11699,Panihati,Tier 1,2025-11-01,F
68073,Arrah,Tier 2,2026-02-13,M
87120,Jammu,Tier 2,2025-02-20,M
68827,Aurangabad,Tier 2,2024-11-29,F
32779,Burhanpur,Tier 2,2024-08-07,F
66165,Miryalaguda,Tier 2,2025-01-28,M
27048,Bhimavaram,Tier 2,2026-04-25,M
43425,Bathinda,Tier 3,2025-07-04,M
30290,Jamnagar,Tier 3,2026-06-28,F
52287,Tadepalligudem,Tier 2,2026-04-22,F
96755,Pallavaram,Tier 2,2026-03-12,F
85061,Srinagar,Tier 3,2026-03-07,M
51662,Udaipur,Tier 2,2025-08-15,F
18936,Vijayanagaram,Tier 2,2025-09-01,F
80390,Tiruchirappalli,Tier 3,2025-04-04,F
38992,Bathinda,Tier 1,2025-03-21,F
57290,Bellary,Tier 2,2026-02-11,F
91039,Kishanganj,Tier 2,2026-04-07,F
95105,Raipur,Tier 2,2025-12-08,F
55351,New Delhi,Tier 2,2026-06-09,F
94182,Thane,Tier 2,2025-12-19,F
52065,Raipur,Tier 3,2025-05-02,F
43631,Nagpur,Tier 2,2026-06-14,F
77746,Kottayam,Tier 2,2026-03-22,F
76680,Morbi,Tier 2,2024-08-10,M
48854,Pondicherry,Tier 2,2025-08-10,F
20793,Rourkela,Tier 1,2026-02-27,F
80513,Amritsar,Tier 1,2024-12-17,F
97862,Khandwa,Tier 3,2026-04-17,F
23621,Siwan,Tier 2,2026-04-11,M
67047,Jamnagar,Tier 1,2024-07-25,M
70191,Agra,Tier 2,2024-09-12,M
19600,Mangalore,Tier 2,2026-03-15,M
43018,Ramgarh,Tier 3,2026-04-06,F
39837,Vellore,Tier 3,2025-05-04,F
69129,Bhiwani,Tier 2,2025-03-09,F
12213,Kochi,Tier 2,2025-08-26,F
10773,Bhimavaram,Tier 2,2024-08-11,F
19514,Ambala,Tier 3,2024-09-27,M
47989,Medininagar,Tier 2,2024-09-12,F
46899,Eluru,Tier 2,2025-05-09,F
96602,Bhalswa Jahangir Pur,Tier 1,2024-11-05,F
79922,Bhavnagar,Tier 2,2026-02-07,M
61248,Asansol,Tier 2,2025-02-23,F
98773,Hyderabad,Tier 2,2025-09-09,F
82754,Amravati,Tier 2,2024-08-08,F
10659,Siwan,Tier 2,2025-09-05,F
21157,Bhagalpur,Tier 3,2026-02-08,M
55069,Haridwar,Tier 2,2026-06-10,F
94663,Nanded,Tier 2,2024-11-26,F
38939,Jammu,Tier 2,2024-10-04,F
33770,Jamalpur,Tier 2,2025-06-30,F
94498,Ramagundam,Tier 2,2025-12-10,M
18829,Navi Mumbai,Tier 3,2024-12-07,M
73857,Raurkela Industrial Township,Tier 2,2024-10-14,M
97988,Salem,Tier 1,2025-02-13,M
91201,Jammu,Tier 1,2025-03-10,M
73682,Ozhukarai,Tier 2,2025-10-28,M
96431,Bhimavaram,Tier 3,2024-11-02,F
84128,Satna,Tier 2,2025-06-04,M
10633,Shahjahanpur,Tier 2,2026-03-09,M
39035,Bally,Tier 2,2026-04-20,F
57118,Bathinda,Tier 2,2026-05-19,F
72908,Amroha,Tier 3,2025-04-11,F
50038,Suryapet,Tier 2,2024-09-29,F
33038,Parbhani,Tier 2,2026-05-04,M
28350,Firozabad,Tier 3,2026-01-27,F
92132,Aurangabad,Tier 3,2026-05-30,M
12441,Amaravati,Tier 2,2025-09-29,M
63101,Vadodara,Tier 2,2025-09-08,F
44159,Jalgaon,Tier 3,2025-04-17,F
61445,Giridih,Tier 3,2026-01-27,M
48141,Madhyamgram,Tier 1,2025-07-31,M
76900,Sikar,Tier 2,2025-04-15,F
75820,Mathura,Tier 2,2026-04-26,M
90482,Kottayam,Tier 1,2024-10-24,F
68487,Mangalore,Tier 2,2025-09-19,M
84162,Karawal Nagar,Tier 2,2026-07-06,F
57028,Muzaffarnagar,Tier 2,2026-02-18,F
73916,Rajkot,Tier 3,2025-01-28,F
58422,Kalyan-Dombivli,Tier 2,2025-12-08,M
37102,Munger,Tier 1,2025-07-06,M
69591,Thane,Tier 2,2025-11-22,M
52476,Saharsa,Tier 2,2025-11-11,F
45847,Adoni,Tier 3,2025-09-02,M
84732,Gandhinagar,Tier 3,2025-11-26,F
59613,Dharmavaram,Tier 3,2025-11-26,M
20202,Gandhinagar,Tier 2,2026-06-11,M
39215,Nagercoil,Tier 3,2026-04-02,F
55224,Ongole,Tier 1,2026-05-27,F
89195,Orai,Tier 1,2026-05-23,F
28214,Dehradun,Tier 2,2025-01-01,F
20104,Rajpur Sonarpur,Tier 2,2024-10-31,F
34498,Mirzapur,Tier 3,2025-10-17,M
25509,Vijayanagaram,Tier 1,2026-03-29,M
53283,Ongole,Tier 2,2025-12-13,F
72759,Bhagalpur,Tier 1,2025-10-08,F
31134,Lucknow,Tier 3,2025-01-12,M
15655,Chapra,Tier 1,2025-10-10,F
31119,Anand,Tier 2,2024-08-06,F
85008,Pimpri-Chinchwad,Tier 2,2024-11-13,F
43850,Hazaribagh,Tier 3,2025-05-17,M
88558,Anantapuram,Tier 2,2024-09-11,M
38389,Medininagar,Tier 2,2025-07-08,F
73133,Muzaffarnagar,Tier 2,2026-04-12,F
63840,Ballia,Tier 3,2026-04-05,F
33839,Rourkela,Tier 2,2026-01-20,F
99861,Malda,Tier 1,2025-10-13,M
87410,Berhampur,Tier 2,2025-04-26,F
60523,Moradabad,Tier 2,2024-07-19,F
36522,Jalgaon,Tier 1,2025-10-20,M
22622,Fatehpur,Tier 2,2026-06-07,M
90576,Katihar,Tier 3,2025-08-01,M
25403,Ongole,Tier 2,2025-12-01,F
27082,Chinsurah,Tier 1,2025-08-16,M
65139,Varanasi,Tier 2,2025-12-30,F
79444,Berhampur,Tier 2,2026-07-05,F
73192,Etawah,Tier 2,2025-10-07,F
85513,Khandwa,Tier 3,2024-10-18,F
43360,Muzaffarpur,Tier 1,2026-06-13,F
20986,Khora ,Tier 1,2026-05-19,F
81267,Bardhaman,Tier 3,2024-11-30,F
10716,Gangtok,Tier 3,2025-08-16,F
25444,Gandhinagar,Tier 2,2025-11-27,M
36924,Alappuzha,Tier 2,2025-04-14,F
23970,Purnia,Tier 2,2025-11-25,F
86725,Bhilwara,Tier 3,2026-05-02,F
80268,Buxar,Tier 3,2025-04-17,M
90200,Sikar,Tier 2,2026-02-13,M
36698,Suryapet,Tier 2,2026-03-07,M
83080,Mangalore,Tier 1,2025-04-20,M
83281,Nizamabad,Tier 2,2025-03-02,F
85713,Sikar,Tier 2,2026-01-29,M
28096,Berhampur,Tier 1,2025-06-18,F
31206,Kakinada,Tier 3,2025-08-05,M
62502,Jamalpur,Tier 3,2025-10-26,M
99727,Nanded,Tier 3,2025-05-05,M
93345,Mysore,Tier 2,2026-04-07,F
29048,Ghaziabad,Tier 3,2025-06-10,F
21552,Firozabad,Tier 1,2024-12-26,F
58606,Narasaraopet,Tier 3,2024-08-05,F
60374,Srikakulam,Tier 2,2025-11-28,F
78289,Kavali,Tier 2,2024-08-20,F
32973,Bahraich,Tier 2,2024-07-15,F
36438,Jammu,Tier 3,2024-08-02,F
88579,Srikakulam,Tier 3,2024-11-15,M
98345,Karimnagar,Tier 2,2025-01-08,M
95854,Sangli-Miraj & Kupwad,Tier 2,2024-09-12,M
46167,Nagercoil,Tier 2,2025-12-09,M
61792,Dharmavaram,Tier 2,2024-12-09,F
77861,Coimbatore,Tier 1,2026-06-20,M
21818,Karaikudi,Tier 3,2026-06-17,F
86406,Sri Ganganagar,Tier 2,2026-04-01,F
46242,Medininagar,Tier 3,2024-12-05,F
69606,Ramgarh,Tier 3,2024-07-10,F
44223,Vellore,Tier 2,2025-08-04,F
23954,Ambala,Tier 1,2025-02-20,F
54560,Anand,Tier 2,2025-01-23,M
80504,Mango,Tier 1,2025-04-25,F
83815,Latur,Tier 2,2026-02-15,F
54520,Jaunpur,Tier 1,2026-06-03,F
86916,Ongole,Tier 2,2024-10-05,F
43792,Eluru,Tier 2,2025-11-11,F
38885,Satna,Tier 1,2025-05-23,F
56281,Firozabad,Tier 3,2025-01-15,F
47655,Silchar,Tier 2,2025-12-12,F
54825,Begusarai,Tier 3,2026-06-30,M
33394,Satara,Tier 2,2025-04-07,M
38647,South Dumdum,Tier 1,2026-02-06,F
99536,Panchkula,Tier 3,2026-01-30,M
36170,New Delhi,Tier 1,2026-05-15,F
44787,Berhampur,Tier 1,2024-12-11,F
42728,Bhatpara,Tier 3,2026-03-04,F
23983,Vijayawada,Tier 2,2025-12-13,F
96956,Srikakulam,Tier 1,2024-07-12,F
80972,Ongole,Tier 2,2025-04-21,M
91352,Kumbakonam,Tier 3,2026-06-04,F
85303,Pallavaram,Tier 3,2024-11-26,M
76995,Sikar,Tier 3,2024-12-26,F
85584,Meerut,Tier 2,2025-08-19,F
65466,Panvel,Tier 1,2024-08-01,F
75860,Singrauli,Tier 2,2026-05-06,F
99959,Berhampore,Tier 3,2024-10-08,F
77922,Satna,Tier 1,2025-12-24,M
11103,Bhagalpur,Tier 3,2025-04-27,M
86153,Anantapur,Tier 3,2025-04-13,F
90318,Gaya,Tier 3,2025-09-06,F
44452,Agartala,Tier 2,2025-07-08,F
90358,Ambarnath,Tier 1,2024-11-26,F
75374,Bhagalpur,Tier 2,2025-05-28,M
58799,Rewa,Tier 2,2025-02-09,F
69077,Aurangabad,Tier 3,2024-10-16,F
85483,Salem,Tier 2,2026-01-17,M
45382,Miryalaguda,Tier 2,2025-06-07,F
59923,Ulhasnagar,Tier 3,2026-03-20,F
29601,Bangalore,Tier 2,2024-11-21,M
65249,Guntur,Tier 3,2026-05-31,F
92660,Morbi,Tier 1,2025-02-25,F
42895,Sikar,Tier 2,2024-09-21,F
31409,Thrissur,Tier 1,2026-03-31,M
43330,Jalandhar,Tier 2,2025-06-21,F
53864,Karimnagar,Tier 2,2025-04-12,M
83446,Hapur,Tier 1,2024-07-22,F
63970,Etawah,Tier 3,2026-05-11,F
99074,Gangtok,Tier 2,2025-09-27,F
95179,Anantapuram,Tier 1,2025-04-08,F
52610,Amroha,Tier 2,2026-05-28,F
20277,Srikakulam,Tier 1,2025-02-14,M
70784,Rourkela,Tier 3,2025-11-16,M
54222,Pudukkottai,Tier 3,2025-09-24,F
63054,Vijayawada,Tier 3,2024-11-09,F
55039,Satara,Tier 3,2025-03-10,M
95591,Shimoga,Tier 3,2025-10-20,M
94494,Gopalpur,Tier 2,2026-05-27,F
68313,Dharmavaram,Tier 2,2025-08-15,F
69020,Rourkela,Tier 1,2024-11-26,F
13027,Noida,Tier 3,2025-12-03,F
42983,Bhagalpur,Tier 3,2024-11-13,M
62041,Bareilly,Tier 3,2024-08-25,M
72021,Indore,Tier 2,2026-02-25,M
62037,Vasai-Virar,Tier 3,2025-01-26,F
91015,Guwahati,Tier 2,2025-11-27,M
61097,Berhampur,Tier 2,2025-01-15,F
47247,Cuttack,Tier 2,2024-10-16,F
79041,Bhopal,Tier 2,2024-08-03,M
96972,Anantapur,Tier 2,2026-05-09,F
72410,Panvel,Tier 1,2026-07-03,F
45705,Bhavnagar,Tier 3,2025-12-30,F
80685,Gudivada,Tier 2,2025-10-14,F
69840,Loni,Tier 2,2025-11-15,M
93824,Sri Ganganagar,Tier 3,2025-07-16,F
80735,Hubli–Dharwad,Tier 2,2025-06-15,F
50352,Haridwar,Tier 2,2025-01-24,M
30410,Hyderabad,Tier 1,2024-07-07,F
78592,Hapur,Tier 2,2025-02-14,M
71498,Pallavaram,Tier 3,2026-02-13,F
72530,Bangalore,Tier 3,2026-02-21,F
66418,Kavali,Tier 2,2025-01-02,M
10946,Maheshtala,Tier 3,2025-05-22,M
83472,Tenali,Tier 2,2025-01-17,F
31400,Burhanpur,Tier 3,2024-12-25,F
44469,Bhusawal,Tier 2,2025-11-04,F
41399,Anantapuram,Tier 2,2025-11-22,F
79722,Haridwar,Tier 1,2024-11-30,M
18973,Bhavnagar,Tier 1,2025-02-16,F
24464,Tadipatri,Tier 2,2025-06-23,F
45669,Maheshtala,Tier 1,2025-03-13,F
12542,Dhanbad,Tier 3,2025-08-26,F
12900,Kota,Tier 3,2025-02-11,F
45283,Bahraich,Tier 2,2026-01-22,F
11075,Mysore,Tier 2,2024-11-01,M
11930,Bellary,Tier 2,2025-03-29,F
65082,Panchkula,Tier 3,2025-04-21,M
70776,Bathinda,Tier 3,2024-09-07,F
29148,Shimoga,Tier 3,2026-03-01,F
61435,Tinsukia,Tier 2,2025-07-07,F
33803,Chandrapur,Tier 2,2026-04-02,F
11653,Kulti,Tier 2,2025-05-01,M
68059,Visakhapatnam,Tier 2,2024-12-08,F
70402,Saharsa,Tier 1,2025-12-06,M
37321,Pali,Tier 2,2025-12-18,F
50908,Kozhikode,Tier 3,2025-11-07,M
15529,Nizamabad,Tier 2,2025-07-15,M
93692,Davanagere,Tier 3,2025-04-12,M
16827,Gorakhpur,Tier 1,2025-01-06,M
92956,Anantapur,Tier 2,2024-07-18,F
31936,Bhimavaram,Tier 2,2024-10-07,F
61879,Bangalore,Tier 1,2024-08-08,M
86162,Kavali,Tier 1,2024-11-04,F
58679,Kulti,Tier 2,2024-11-06,F
75525,Tadipatri,Tier 3,2025-03-26,F
91937,Allahabad,Tier 2,2025-04-09,F
94485,Jorhat,Tier 2,2026-03-13,F
24076,Morbi,Tier 3,2025-01-03,M
51515,Bahraich,Tier 2,2026-01-27,M
35292,Burhanpur,Tier 3,2025-04-11,M
27659,Thane,Tier 2,2025-07-18,F
67344,Hosur,Tier 2,2025-12-30,M
74237,Tezpur,Tier 3,2024-11-28,F
81253,North Dumdum,Tier 2,2026-01-26,M
71393,Khora ,Tier 3,2026-06-17,M
82682,Coimbatore,Tier 3,2025-08-23,F
30319,Sagar,Tier 2,2026-04-04,M
44517,Malda,Tier 1,2024-07-07,F
93627,Udaipur,Tier 3,2026-05-23,F
12453,Udupi,Tier 3,2025-01-08,F
52034,Siwan,Tier 3,2026-04-04,F
60789,Loni,Tier 2,2025-12-19,F
75214,Pudukkottai,Tier 2,2025-02-11,M
52283,Pondicherry,Tier 3,2024-09-30,F
22616,Varanasi,Tier 2,2026-04-16,F
27009,Patna,Tier 2,2024-12-10,M
24031,Nellore,Tier 3,2024-09-21,M
14170,Unnao,Tier 3,2025-08-19,F
91785,Dhanbad,Tier 3,2025-04-17,M
38930,Ahmedabad,Tier 3,2026-06-29,M
37359,Vijayawada,Tier 2,2025-07-05,M
93744,Karimnagar,Tier 1,2025-09-13,F
64519,Howrah,Tier 2,2026-04-07,M
90862,Dehri,Tier 3,2024-08-07,M
19225,Solapur,Tier 3,2024-12-21,F
78089,Salem,Tier 3,2026-01-21,F
40279,Jhansi,Tier 2,2024-12-04,F
78969,Jehanabad,Tier 3,2025-11-04,M
33448,Aligarh,Tier 2,2026-02-22,F
93705,Berhampore,Tier 3,2026-01-03,F
97194,Vasai-Virar,Tier 3,2024-11-13,M
33644,Dibrugarh,Tier 2,2025-03-26,F
96184,Deoghar,Tier 3,2025-10-15,M
68066,Satna,Tier 2,2025-09-07,M
52553,Haridwar,Tier 1,2026-02-20,F
93000,North Dumdum,Tier 3,2025-10-22,M
41551,Gandhinagar,Tier 1,2026-02-21,M
82120,Karimnagar,Tier 2,2025-06-23,F
68654,Mumbai,Tier 1,2026-01-22,M
14543,Kavali,Tier 1,2024-07-19,F
77844,Barasat,Tier 2,2024-07-12,M
49365,Kakinada,Tier 2,2026-05-02,M
51275,Bally,Tier 2,2026-06-20,F
82569,Bareilly,Tier 2,2024-08-05,M
70341,Bhatpara,Tier 3,2024-10-22,F
44732,Ballia,Tier 2,2025-01-17,F
43586,Tiruchirappalli,Tier 2,2025-09-23,F
62402,Solapur,Tier 2,2026-01-20,F
52558,Malegaon,Tier 2,2025-07-21,F
85527,Hindupur,Tier 3,2025-11-17,F
49373,Gangtok,Tier 1,2025-04-29,M
20286,Thanjavur,Tier 2,2025-04-03,F
66925,Jamshedpur,Tier 2,2026-05-13,F
39716,Eluru,Tier 1,2024-08-18,F
49948,Imphal,Tier 3,2025-08-30,F
84044,Khammam,Tier 2,2025-08-01,F
38940,Dhanbad,Tier 1,2025-12-12,F
61495,Hindupur,Tier 3,2025-09-26,F
76155,Korba,Tier 2,2025-06-07,F
47982,Siliguri,Tier 2,2024-10-17,M
54062,Fatehpur,Tier 1,2025-09-23,F
16463,Firozabad,Tier 1,2024-09-11,M
62235,Bikaner,Tier 1,2026-02-18,F
27677,Karaikudi,Tier 3,2024-12-07,M
73944,Aurangabad,Tier 2,2024-12-06,F
83553,Latur,Tier 2,2024-08-31,F
44898,North Dumdum,Tier 2,2025-12-20,F
85499,Gorakhpur,Tier 2,2025-12-10,F
64209,Ambarnath,Tier 2,2025-04-03,M
34967,Hapur,Tier 2,2025-10-11,F
95905,Farrukhabad,Tier 1,2024-11-15,M
55838,Ulhasnagar,Tier 2,2025-06-14,F
15882,Kollam,Tier 2,2025-12-21,F
58997,Guwahati,Tier 2,2024-10-02,F
17148,Udupi,Tier 1,2026-06-26,M
29356,Kanpur,Tier 2,2025-03-30,M
24585,Hospet,Tier 3,2025-07-07,F
12981,Bhagalpur,Tier 2,2026-02-01,F
80517,Kurnool,Tier 2,2025-09-04,M
78585,Motihari,Tier 3,2025-07-17,F
91663,Surat,Tier 1,2025-04-25,M
86415,Rohtak,Tier 3,2024-11-16,M
17878,Kollam,Tier 2,2026-03-11,F
90997,Meerut,Tier 3,2025-07-03,M
95820,Jabalpur,Tier 2,2025-05-04,F
96556,Karimnagar,Tier 2,2026-05-09,F
24141,Jalna,Tier 2,2026-05-11,M
95119,Ahmednagar,Tier 2,2025-04-28,M
76655,Satna,Tier 1,2025-07-18,M
88263,Gaya,Tier 3,2024-12-08,F
75621,Kishanganj,Tier 1,2026-06-26,F
12816,Shahjahanpur,Tier 1,2026-06-23,M
49967,Unnao,Tier 3,2025-05-08,F
30578,Sri Ganganagar,Tier 2,2025-12-20,F
56125,Barasat,Tier 3,2025-01-06,F
75700,Ghaziabad,Tier 2,2025-11-05,F
43774,Ludhiana,Tier 2,2025-09-11,F
46725,Saharanpur,Tier 3,2025-03-29,F
61491,Chandigarh,Tier 1,2026-01-24,M
60096,Erode,Tier 3,2025-01-09,F
85090,Purnia,Tier 2,2025-03-06,F
89346,Sultan Pur Majra,Tier 2,2025-09-01,F
27271,Durgapur,Tier 1,2025-10-01,F
80956,Durgapur,Tier 3,2025-03-04,F
78656,Chinsurah,Tier 2,2026-06-13,F
29025,Ratlam,Tier 3,2024-08-28,M
83051,Udaipur,Tier 3,2025-03-10,M
29073,Imphal,Tier 3,2026-05-21,F
64269,Avadi,Tier 2,2025-06-16,F
93472,Saharanpur,Tier 3,2026-03-04,M
34632,Mira-Bhayandar,Tier 2,2024-11-27,F
13433,Medininagar,Tier 2,2025-09-20,M
90263,Kavali,Tier 2,2025-01-03,F
40266,Secunderabad,Tier 2,2024-09-06,F
72469,Ambala,Tier 3,2026-04-25,M
89260,Dindigul,Tier 3,2024-11-26,F
60785,Bhalswa Jahangir Pur,Tier 2,2024-10-21,F
31467,Kamarhati,Tier 3,2024-08-01,F
63554,Gopalpur,Tier 2,2025-05-23,F
39170,Kurnool,Tier 3,2024-08-27,F
33209,Tadepalligudem,Tier 3,2025-07-22,F
52584,Shahjahanpur,Tier 2,2025-06-04,F
63066,Narasaraopet,Tier 2,2026-01-29,F
59856,Singrauli,Tier 1,2025-10-24,F
84964,Saharsa,Tier 3,2024-09-29,F
69193,Kalyan-Dombivli,Tier 3,2026-05-19,F
42207,Thane,Tier 2,2025-09-13,F
60777,Jhansi,Tier 1,2025-02-18,F
67613,Avadi,Tier 1,2026-02-27,F
47475,Rourkela,Tier 2,2025-05-31,M
48590,Hazaribagh,Tier 3,2026-06-08,M
70762,Mysore,Tier 1,2026-01-19,F
75622,Bokaro,Tier 2,2026-03-03,F
86735,Singrauli,Tier 2,2025-05-24,F
52396,Nagpur,Tier 2,2024-11-22,F
69464,Malda,Tier 3,2024-09-15,M
42778,Ujjain,Tier 2,2026-01-15,M
26193,Raipur,Tier 3,2026-01-06,F
68903,Guwahati,Tier 2,2025-08-17,F
60343,Burhanpur,Tier 3,2025-09-07,M
59886,Tirunelveli,Tier 1,2026-06-15,F
53934,Ujjain,Tier 2,2026-05-12,F
28953,Faridabad,Tier 1,2025-05-28,M
50378,Amroha,Tier 2,2025-02-16,M
92110,Kochi,Tier 3,2026-06-04,M
27245,Delhi,Tier 2,2025-11-02,F
43175,Berhampore,Tier 1,2025-07-28,M
75358,Narasaraopet,Tier 1,2026-05-23,M
74679,Bellary,Tier 2,2025-10-07,F
96438,Malda,Tier 1,2025-05-21,F
67917,Ghaziabad,Tier 3,2025-10-16,M
10861,Motihari,Tier 2,2025-02-08,F
91233,Dhanbad,Tier 1,2024-11-27,F
29432,Karnal,Tier 1,2024-08-04,M
29054,Gangtok,Tier 2,2026-04-18,F
89073,Bathinda,Tier 1,2026-06-21,F
21495,Moradabad,Tier 2,2025-05-26,F
33363,Anantapuram,Tier 2,2025-10-24,F
96628,Sirsa,Tier 2,2026-02-09,F
85886,Vadodara,Tier 2,2024-09-17,M
49229,Arrah,Tier 2,2026-06-04,F
59668,Purnia,Tier 2,2026-04-23,F
82151,Jalna,Tier 2,2025-07-07,M
27635,Panipat,Tier 3,2025-03-19,F
79081,Loni,Tier 2,2024-12-16,F
37400,Moradabad,Tier 3,2025-09-23,F
92441,Karawal Nagar,Tier 2,2026-01-20,F
89269,Purnia,Tier 2,2025-10-22,F
51482,Hajipur,Tier 2,2025-09-26,F
91689,Bikaner,Tier 2,2025-10-27,F
83745,Saharsa,Tier 2,2026-01-24,M
92818,Kumbakonam,Tier 2,2026-03-26,F
33580,Ramagundam,Tier 2,2024-12-04,F
10207,Nagpur,Tier 3,2025-07-03,F
91980,Dhule,Tier 2,2026-03-20,F
90649,Haridwar,Tier 2,2024-08-11,M
53750,Karaikudi,Tier 2,2026-03-25,F
93558,Hyderabad,Tier 3,2025-11-16,F
36370,Rohtak,Tier 3,2026-03-12,M
18891,Dewas,Tier 3,2025-08-04,F
82088,Chennai,Tier 2,2024-10-03,M
99893,Mau,Tier 2,2025-05-10,F
84569,Akola,Tier 3,2024-12-04,M
53321,Nangloi Jat,Tier 2,2026-06-18,F
72193,Bhavnagar,Tier 2,2025-07-15,M
30366,Jorhat,Tier 3,2026-06-02,F
53923,Haridwar,Tier 1,2026-06-27,M
17342,Buxar,Tier 2,2026-01-21,F
98892,Miryalaguda,Tier 3,2025-08-27,F
37297,Raichur,Tier 2,2024-08-27,F
29569,Ludhiana,Tier 2,2025-03-27,M
59183,Aurangabad,Tier 2,2025-10-20,M
61061,Hindupur,Tier 2,2024-10-05,F
50407,Patna,Tier 2,2025-02-02,F
64246,Mehsana,Tier 2,2026-05-19,F
41148,Bidhannagar,Tier 2,2026-04-12,F
49666,Loni,Tier 3,2025-02-26,M
32939,Dindigul,Tier 3,2026-03-08,F
14901,Tiruchirappalli,Tier 2,2025-06-16,M
76321,Karawal Nagar,Tier 2,2026-06-09,F
75543,Jhansi,Tier 3,2025-03-28,M
73369,Khammam,Tier 2,2024-10-26,F
22878,Tiruppur,Tier 3,2026-01-20,F
14791,Munger,Tier 3,2026-01-12,M
78464,Kolkata,Tier 3,2025-03-05,F
15771,Thoothukudi,Tier 1,2025-07-04,M
16047,Saharsa,Tier 2,2026-02-22,M
96374,Lucknow,Tier 1,2025-09-28,F
50913,Pondicherry,Tier 3,2024-12-09,M
35237,Bally,Tier 3,2025-08-24,M
51831,Kochi,Tier 2,2025-02-03,M
29571,Panipat,Tier 3,2024-10-03,F
11999,Tiruppur,Tier 2,2025-09-01,F
55916,Gopalpur,Tier 2,2024-10-24,M
47128,Tirunelveli,Tier 2,2024-08-31,F
50812,Panvel,Tier 2,2025-06-16,F
16648,Bhopal,Tier 2,2025-07-07,F
98538,Aligarh,Tier 3,2025-04-30,F
17051,Purnia,Tier 1,2025-05-07,F
33459,Tadepalligudem,Tier 2,2025-04-09,F
50952,Davanagere,Tier 3,2026-01-11,M
97932,Kirari Suleman Nagar,Tier 3,2025-09-21,F
27274,Bhind,Tier 2,2024-09-20,F
69714,Kirari Suleman Nagar,Tier 3,2025-07-07,F
40368,Asansol,Tier 2,2026-05-06,F
90863,Bharatpur,Tier 1,2025-05-07,M
34032,Anantapur,Tier 2,2025-06-24,F
73898,Amritsar,Tier 2,2025-07-11,M
24796,Nangloi Jat,Tier 3,2025-06-30,M
32387,Karnal,Tier 3,2025-10-19,F
85324,Danapur,Tier 1,2024-09-24,M
63174,Anantapur,Tier 2,2025-09-11,F
95124,Barasat,Tier 1,2025-08-24,F
70420,Gudivada,Tier 1,2025-05-24,M
91379,Motihari,Tier 2,2024-11-07,F
73225,Amritsar,Tier 1,2025-03-28,M
37294,Raebareli,Tier 2,2025-09-20,M
54852,Malegaon,Tier 3,2025-12-03,F
97766,Chapra,Tier 3,2026-04-17,M
73783,Guntakal,Tier 3,2025-10-12,M
70674,Miryalaguda,Tier 2,2024-09-20,F
68355,Aizawl,Tier 1,2025-05-18,F
19123,Kavali,Tier 3,2026-02-26,F
59664,Shimla,Tier 3,2025-11-19,M
96529,Mysore,Tier 3,2024-12-23,M
28208,Siliguri,Tier 2,2025-12-02,F
69372,Pali,Tier 2,2025-10-28,F
85750,Thiruvananthapuram,Tier 1,2024-12-13,F
99327,Dewas,Tier 3,2025-09-22,F
99071,Raebareli,Tier 2,2026-01-15,M
55123,Ballia,Tier 2,2024-07-13,F
90149,Warangal,Tier 3,2026-04-30,F
48559,Uluberia,Tier 3,2026-06-06,F
81943,Mumbai,Tier 3,2026-01-04,F
83404,Bhubaneswar,Tier 2,2026-05-06,F
46989,Noida,Tier 3,2025-06-07,F
87353,Ratlam,Tier 2,2026-01-10,M
60173,Eluru,Tier 3,2025-06-10,F
81449,Malegaon,Tier 3,2025-07-10,F
28228,Miryalaguda,Tier 2,2025-05-01,F
57223,Jamnagar,Tier 3,2025-02-16,M
97826,Guntur,Tier 2,2024-07-16,F
19403,Asansol,Tier 2,2026-01-18,M
73792,Bhavnagar,Tier 3,2024-09-10,F
27985,Sirsa,Tier 3,2026-06-01,M
89223,Bokaro,Tier 2,2025-06-24,F
76770,Suryapet,Tier 2,2026-04-04,M
68988,Raichur,Tier 2,2024-12-29,F
34352,Mahbubnagar,Tier 3,2024-07-12,F
85751,Patiala,Tier 2,2026-01-11,M
75762,Bulandshahr,Tier 2,2026-06-26,F
81587,Visakhapatnam,Tier 2,2024-08-05,F
84468,Arrah,Tier 2,2024-10-02,F
86056,Vijayawada,Tier 1,2024-10-25,M
78997,Kirari Suleman Nagar,Tier 2,2025-08-12,M
20254,Sambalpur,Tier 3,2025-07-08,F
92662,Panvel,Tier 1,2026-03-18,M
85973,Pudukkottai,Tier 2,2024-08-16,M
55029,Nandyal,Tier 3,2025-06-24,M
77195,Chapra,Tier 3,2026-01-27,F
53452,Nagercoil,Tier 2,2026-03-18,F
48616,Rourkela,Tier 1,2024-08-03,F
88333,Phusro,Tier 2,2025-01-25,M
18050,Adoni,Tier 2,2024-11-15,F
85085,Jalna,Tier 2,2026-03-27,F
91830,Baranagar,Tier 1,2025-07-18,F
20814,Dibrugarh,Tier 1,2024-09-04,F
46418,Mira-Bhayandar,Tier 3,2025-10-28,M
46827,Bardhaman,Tier 2,2024-07-18,F
24621,Gudivada,Tier 3,2026-01-31,M
29809,Uluberia,Tier 1,2026-03-26,M
32989,Noida,Tier 2,2025-07-18,M
33699,Tiruvottiyur,Tier 3,2024-09-10,F
29014,Shimla,Tier 3,2026-02-11,F
64125,Patiala,Tier 3,2025-12-02,F
67695,Bhagalpur,Tier 3,2025-09-28,F
55229,Bilaspur,Tier 2,2026-02-13,F
25203,Rourkela,Tier 3,2025-07-02,M
62264,Barasat,Tier 3,2025-07-11,M
79798,Nadiad,Tier 1,2025-12-19,F
61127,Firozabad,Tier 1,2024-10-27,F
79526,Ahmedabad,Tier 2,2025-02-16,F
60070,Bettiah,Tier 2,2025-12-19,F
15376,Katihar,Tier 1,2025-11-14,F
56376,Phagwara,Tier 3,2026-06-20,M
95467,Thanjavur,Tier 3,2025-02-01,F
45007,Rohtak,Tier 2,2025-11-27,M
86569,Surendranagar Dudhrej,Tier 2,2026-02-27,F
98511,Giridih,Tier 2,2026-02-25,F
35549,Bokaro,Tier 2,2025-03-07,F
81776,Bangalore,Tier 2,2026-04-13,F
18906,Bulandshahr,Tier 2,2024-09-20,M
78847,Amroha,Tier 1,2025-04-06,F
38759,Chandrapur,Tier 3,2024-12-03,F
14461,Udupi,Tier 1,2024-09-16,F
17455,Khora ,Tier 2,2025-11-14,F
25963,Chandigarh,Tier 3,2026-05-03,F
89257,Gandhinagar,Tier 2,2025-11-28,F
94922,Bhubaneswar,Tier 1,2025-12-29,F
34151,Durg,Tier 2,2025-07-04,F
96570,Malda,Tier 1,2026-06-23,F
46226,North Dumdum,Tier 2,2025-01-22,M
31229,Bally,Tier 1,2026-03-02,F
18177,Munger,Tier 2,2025-03-22,M
17872,Bilaspur,Tier 2,2024-11-22,M
67747,Pallavaram,Tier 3,2026-06-28,M
89993,Mangalore,Tier 2,2025-11-20,F
74494,Asansol,Tier 3,2025-08-30,M
66525,Srikakulam,Tier 3,2025-11-18,F
23926,Rampur,Tier 1,2024-09-25,F
14569,Madurai,Tier 3,2025-09-23,F
42846,Surat,Tier 2,2026-06-03,M
75234,Mumbai,Tier 2,2026-07-01,M
14959,Shimoga,Tier 2,2024-11-01,F
53231,Ramgarh,Tier 2,2024-07-09,M
77552,Morena,Tier 1,2025-06-10,F
62941,Panvel,Tier 3,2024-12-29,F
10433,Ongole,Tier 2,2024-10-09,F
84349,Thoothukudi,Tier 2,2025-12-18,F
49692,Pimpri-Chinchwad,Tier 2,2025-11-10,F
94813,Ambarnath,Tier 2,2025-08-26,M
54572,Jaunpur,Tier 1,2026-02-17,F
48005,Belgaum,Tier 1,2025-09-10,F
15155,Jhansi,Tier 2,2025-02-24,F
61131,Secunderabad,Tier 3,2025-07-19,F
21123,Jhansi,Tier 3,2024-10-23,M
14679,Nagpur,Tier 2,2026-01-17,F
87718,Unnao,Tier 2,2025-05-04,M
18256,Panchkula,Tier 2,2025-08-25,F
68891,Vadodara,Tier 2,2025-03-27,M
17347,Kalyan-Dombivli,Tier 3,2025-05-17,F
25491,Nagaon,Tier 2,2025-06-28,F
98877,Adoni,Tier 2,2025-01-03,M
19441,Ajmer,Tier 2,2025-07-21,F
95699,Chittoor,Tier 1,2026-06-11,M
91051,Latur,Tier 3,2026-01-02,F
95037,Kanpur,Tier 3,2024-11-17,F
92924,Aizawl,Tier 2,2026-04-05,F
22752,Phagwara,Tier 1,2024-11-16,F
87469,Aligarh,Tier 3,2024-10-03,F
75161,Rajkot,Tier 2,2026-03-23,F
36560,Naihati,Tier 2,2026-03-29,M
98918,Anantapur,Tier 2,2024-10-08,F
99664,Pondicherry,Tier 3,2026-04-17,F
37948,Guntakal,Tier 2,2024-11-18,F
53975,Jamshedpur,Tier 2,2025-02-04,M
28512,Gulbarga,Tier 3,2025-12-29,F
58487,Bahraich,Tier 3,2025-01-12,F
86282,Guntur,Tier 1,2024-09-22,F
92863,Sangli-Miraj & Kupwad,Tier 2,2024-07-19,F
73827,Chennai,Tier 2,2024-07-12,M
33516,Guntakal,Tier 2,2026-05-26,F
47189,Fatehpur,Tier 1,2025-12-26,F
26632,Asansol,Tier 2,2025-11-15,F
45513,Bulandshahr,Tier 3,2025-01-08,F
32878,Kavali,Tier 1,2024-11-23,F
75521,Barasat,Tier 2,2025-04-03,F
64891,Proddatur,Tier 3,2025-01-06,F
35153,Bettiah,Tier 2,2024-09-19,F
91123,Panvel,Tier 1,2025-08-05,F
38740,Dhule,Tier 3,2025-02-06,F
16955,Gorakhpur,Tier 3,2026-03-17,F
99816,Mehsana,Tier 3,2024-11-20,F
30940,Meerut,Tier 2,2025-11-19,F
57735,Bhagalpur,Tier 3,2025-06-09,F
42949,Tadepalligudem,Tier 1,2026-03-24,F
69394,Vasai-Virar,Tier 3,2026-02-02,F
16875,Sangli-Miraj & Kupwad,Tier 3,2026-03-09,F
13809,Kottayam,Tier 2,2024-10-05,F
19287,Raiganj,Tier 3,2025-10-10,M
85990,Gurgaon,Tier 3,2024-12-08,F
98716,Berhampur,Tier 2,2026-03-04,M
24435,Ambattur,Tier 2,2024-09-21,M
41079,Kollam,Tier 3,2025-04-24,M
38922,Chittoor,Tier 3,2025-10-04,F
73492,Junagadh,Tier 2,2024-10-27,M
38333,Mangalore,Tier 1,2025-05-03,M
58953,Berhampore,Tier 3,2026-01-17,F
35448,Gopalpur,Tier 3,2024-12-11,F
54025,Patna,Tier 2,2025-12-26,F
84536,Parbhani,Tier 2,2024-10-21,F
24563,Berhampore,Tier 2,2025-05-27,M
32439,Muzaffarnagar,Tier 3,2026-05-26,F
48687,Pudukkottai,Tier 2,2026-06-10,M
32273,Chandigarh,Tier 1,2025-05-22,F
78389,Thrissur,Tier 1,2025-10-09,F
72061,Alwar,Tier 1,2024-07-18,M
66113,Shahjahanpur,Tier 2,2025-03-18,F
66917,Gudivada,Tier 2,2024-10-30,F
85196,Erode,Tier 2,2024-08-10,M
15250,Dibrugarh,Tier 3,2024-08-02,F
65797,Nangloi Jat,Tier 3,2026-03-27,M
22844,Shimla,Tier 3,2025-01-09,F
20890,Vellore,Tier 1,2024-12-23,F
27394,Sagar,Tier 2,2025-01-08,F
94887,Pune,Tier 2,2025-07-14,M
97691,Nanded,Tier 3,2026-01-04,M
70199,Malda,Tier 2,2025-07-02,M
28169,Udaipur,Tier 2,2026-03-12,F
58551,Mumbai,Tier 1,2026-05-06,F
92222,Kharagpur,Tier 2,2026-05-31,M
53634,Sagar,Tier 1,2025-06-02,M
45361,Jodhpur,Tier 2,2025-10-31,F
54000,Kottayam,Tier 2,2026-06-13,F
98428,Faridabad,Tier 2,2024-10-01,F
60194,Kirari Suleman Nagar,Tier 1,2025-10-30,F
15357,Ambarnath,Tier 2,2024-11-20,M
94957,Kishanganj,Tier 2,2026-01-08,M
36832,Thanjavur,Tier 2,2025-01-08,M
80730,Morena,Tier 3,2026-01-30,F
86037,Kamarhati,Tier 2,2025-03-12,M
56230,Ambala,Tier 2,2025-12-17,F
65434,Meerut,Tier 1,2024-08-25,M
58865,Bidhannagar,Tier 3,2025-07-19,F
75726,Nandyal,Tier 2,2026-01-09,F
79717,Bidhannagar,Tier 1,2025-11-01,M
58253,Maheshtala,Tier 2,2026-05-30,F
70014,Jodhpur,Tier 2,2025-05-06,M
33437,Solapur,Tier 1,2024-09-29,M
31596,Gorakhpur,Tier 2,2025-12-30,F
29392,Saharanpur,Tier 1,2026-05-17,F
36772,Durg,Tier 2,2025-05-26,M
99443,Bhalswa Jahangir Pur,Tier 3,2025-04-02,M
65067,Jaipur,Tier 2,2025-02-18,M
34780,Lucknow,Tier 2,2026-05-15,F
40451,Bulandshahr,Tier 1,2025-09-29,F
54930,Shivpuri,Tier 2,2025-10-10,F
97274,Berhampore,Tier 2,2025-02-28,F
84350,Farrukhabad,Tier 2,2024-11-17,F
44079,Karawal Nagar,Tier 2,2025-04-21,M
47767,Siliguri,Tier 3,2025-04-07,F
47274,Rourkela,Tier 2,2025-10-30,F
31075,South Dumdum,Tier 3,2024-11-20,F
97340,Nanded,Tier 2,2025-01-07,F
25324,Ratlam,Tier 2,2025-09-26,F
26577,Bhilwara,Tier 3,2025-04-20,F
34182,Kishanganj,Tier 2,2026-01-07,M
14546,Hapur,Tier 3,2024-10-29,F
58878,Panvel,Tier 2,2024-11-10,F
79945,Bhilai,Tier 3,2026-06-21,F
13266,Panchkula,Tier 3,2026-02-23,M
29055,Imphal,Tier 2,2024-11-05,F
10562,Sagar,Tier 2,2025-07-10,F
47988,Buxar,Tier 1,2026-01-23,M
67947,Gorakhpur,Tier 3,2026-01-26,F
72781,Kolhapur,Tier 3,2025-12-15,F
82215,Aizawl,Tier 2,2024-07-26,F
62642,Amroha,Tier 2,2025-04-10,M
22121,Pimpri-Chinchwad,Tier 2,2025-10-22,F
94058,Ballia,Tier 2,2025-08-19,F
39116,Thiruvananthapuram,Tier 2,2024-07-24,M
20956,Chandigarh,Tier 3,2025-08-08,F
61697,Pallavaram,Tier 2,2025-03-10,F
89058,Karimnagar,Tier 1,2025-05-11,F
29391,Uluberia,Tier 2,2025-05-02,M
58867,Anantapuram,Tier 2,2025-03-31,F
56052,Amroha,Tier 2,2026-05-17,F
83535,Thrissur,Tier 1,2026-01-23,M
68224,Mango,Tier 1,2025-02-16,F
31468,Vijayanagaram,Tier 1,2024-10-23,M
86962,Asansol,Tier 2,2024-12-15,F
49745,Loni,Tier 2,2025-03-24,M
18665,Hubli–Dharwad,Tier 3,2024-07-12,F
63668,Vijayanagaram,Tier 3,2024-11-19,M
82851,Tezpur,Tier 3,2026-02-13,F
27947,Gaya,Tier 2,2026-04-14,F
60039,Begusarai,Tier 3,2025-07-23,F
15535,Bhimavaram,Tier 2,2025-02-28,F
74762,Rajahmundry,Tier 3,2024-07-27,M
10320,Firozabad,Tier 1,2025-02-25,M
93958,Amravati,Tier 2,2025-11-26,M
97282,Erode,Tier 2,2024-11-23,F
74472,Bhopal,Tier 3,2024-10-07,F
46335,Jabalpur,Tier 3,2025-10-15,F
57416,Buxar,Tier 2,2025-06-10,F
43804,Jamshedpur,Tier 2,2025-04-22,F
77177,Rampur,Tier 1,2024-11-10,F
86238,Ulhasnagar,Tier 1,2025-03-12,M
70429,Raurkela Industrial Township,Tier 3,2024-11-10,F
16932,Karimnagar,Tier 3,2025-05-28,F
93394,Nashik,Tier 2,2025-02-17,M
48228,Kottayam,Tier 3,2024-12-04,F
92317,Bareilly,Tier 3,2025-10-15,F
31906,Satna,Tier 3,2026-04-10,F
99780,Gopalpur,Tier 2,2025-12-21,M
57516,Deoghar,Tier 2,2025-09-30,F
56088,Ahmedabad,Tier 3,2024-10-21,F
77917,Serampore,Tier 2,2026-03-03,F
73556,Mau,Tier 2,2026-06-22,F
31368,Bellary,Tier 2,2024-11-04,F
75979,Maheshtala,Tier 1,2026-03-16,F
83224,Erode,Tier 3,2025-06-29,M
20013,Mira-Bhayandar,Tier 1,2026-06-24,F
12277,Karnal,Tier 1,2025-03-06,F
57522,Mango,Tier 2,2026-05-29,F
88335,Malegaon,Tier 1,2026-01-09,F
49935,Kochi,Tier 1,2024-12-26,M
26870,Ambattur,Tier 3,2025-03-02,F
26429,Bikaner,Tier 2,2024-09-06,M
65680,Solapur,Tier 3,2024-07-21,F
73472,Kalyan-Dombivli,Tier 1,2024-12-06,F
24131,Anand,Tier 2,2025-10-10,F
17768,Kochi,Tier 1,2026-06-12,F
43162,Amritsar,Tier 1,2025-02-26,M
97501,Jalandhar,Tier 2,2026-03-06,F
26225,Dharmavaram,Tier 2,2026-06-06,F
36217,Etawah,Tier 3,2024-07-29,F
21898,Alwar,Tier 2,2025-09-30,M
55591,Nanded,Tier 2,2026-05-02,M
75619,Dibrugarh,Tier 2,2025-09-22,F
18957,Adoni,Tier 1,2026-02-19,F
11832,Nellore,Tier 3,2025-02-10,M
32514,Navi Mumbai,Tier 2,2026-06-24,F
38051,Ambarnath,Tier 3,2025-12-31,M
87251,Gandhidham,Tier 1,2025-12-12,F
24067,Raichur,Tier 2,2025-04-27,M
65586,Kottayam,Tier 1,2024-12-30,F
63422,Satara,Tier 3,2024-10-11,F
71066,Saharsa,Tier 2,2024-10-20,F
74987,Tumkur,Tier 2,2025-09-12,F
15322,Khammam,Tier 2,2025-07-25,F
